,Indicator,Ciphertext,Plaintext
msg_0,LNA,OPXOGGQQFQEJJEQQCSBFZFEPXKAMQCDMZVYBUDUSERVHXDOTRMJZTCSSJBMRNQPMPORZVLIXXFPKDZQWRJXQAPRJHNJHKFFZTTLBUXUNKXQQFFKTAWNAQXTIZFJKRUZMBOIBZZTQWJFPDDSTBSVCFCDFDTCJCEZJWFVBUPPCLVTQDWKCAPKXLDDOXNUMRCCACEXBFCSDQPPLEXJCZUJBBBKGYNSURHYYYQSAZGHRERPQMCKSVSPXRJFUSGCVASTHMWSBCEIVRXSWYFTZPBWNWWPKANZKFCQBGUSFTXOMUKLTPOYZOTMQHXMHRKALNVQGPQ,EVENBEFOREMISSTAYLORHADCEASEDTOHOLDTHENOMINALOFFICEOFGOVERNESSTHEMILDNESSOFHERTEMPERHADHARDLYALLOWEDHERTOIMPOSEANYRESTRAINTANDTHESHADOWOFAUTHORITYBEINGNOWLONGPASSEDAWAYTHEYHADBEENLIVINGTOGETHERASFRIENDANDFRIENDVERYMUTUALLYATTACHEDANDEMMADOINGJUSTWHATSHELIKEDHIGHLYESTEEMINGMISSTAYLORSJUDGMENTBUTDIRECTEDCHIEFLYBYHEROWNSTOP
msg_1,LNC,BEHFQXBPMWVUCWERRAEPQXTFPZCVRMZUGGOFJUFFOHFUMYVNYSFESJTHKZNHDYDLKKXQYRPVKPSSOWNSZNTMIFTTIGGFMMDWHZOGWIPQMSJDUBUWZWEDWWZVUSWEYYOLVIBPQQDDAAWRWFWLXPJKBVPBCDPAQNLKJQJWDTMOHHAYSHCQCSJKRSZARZEHESNGJTNLJWTSPJWXXGMGHZSBYBCNVYUFFCZWRKPCIRUYGDDJFSLUMBLYUSNOLCLAHFTHOLAVINYWYKMIIUVIHDBXRSBKNVSHKTJUZUQYNPRMVJNNDLZNJUSTXJFMIZHVEKMAWNRNTZYKLHFYKGTKBF,THEEVILOFTHEACTUALDISPARITYINTHEIRAGESANDMRSTOPWOODHOUSEHADNOTMARRIEDEARLYWASMUCHINCREASEDBYHISCONSTITUTIONANDHABITSFORHAVINGBEENAVALETUDINARIANALLHISLIFEWITHOUTACTIVITYOFMINDORBODYHEWASAMUCHOLDERMANINWAYSTHANINYEARSANDTHOUGHEVERYWHEREBELOVEDFORTHEFRIENDLINESSOFHISHEARTANDHISAMIABLETEMPERHISTALENTSCOULDNOTHAVERECOMMENDEDHIMATANYTIMESTOP
msg_2,LNE,JQNOGAEWABLNTOGWNWKLFDIJFSRIEEEHQCZXXOJEPBFRTCTEEOKGSLMQOFBNLPVYAYJHRCHFRMIXTCFAWGBYODUJVDBBHYCTDGLPADQRQECWSCSTFQKSTYZCUGJWNEGEBMVEAEJZOWUIWJGCHCJJVQGSCRQJCHKGMDKKHDGHWYFSENQPABLXLVKOCZYFGYXRKGMISKGOBCWENWBCQANGJKYUFRSDELPAWMNBHXSZDMFHRXAAZXAYWMGGRRQPXXATSSCRRXDPYWZLCUKUNPLOAZEWXBZUSRTADBEIFUZARMLWRCJWGPUSSSXYGFXPXRW,HERSISTERTHOUGHCOMPARATIVELYBUTLITTLEREMOVEDBYMATRIMONYBEINGSETTLEDINLONDONONLYSIXTEENMILESOFFWASMUCHBEYONDHERDAILYREACHANDMANYALONGOCTOBERANDNOVEMBEREVENINGMUSTBESTRUGGLEDTHROUGHATHARTFIELDBEFORECHRISTMASBROUGHTTHENEXTVISITFROMISABELLAANDHERHUSBANDANDTHEIRLITTLECHILDRENTOFILLTHEHOUSEANDGIVEHERPLEASANTSOCIETYAGAINSTOP
msg_3,LNG,ILNAPHKACTEQJBPNPNNUQKTBTSAFPSUSVYZOOFROHYCRKVIGALTJIJKJLWDIXGTHCKRIBVATGJLEXUNZBABCDURJKPPOJSCDWKYUGNWHJFWIJYBQACLTYECEABXIFOZLYAPWNBPZTQHRTDEQNLKDIQWWXJHFWHPCYOYWRKPOUCRJWDVMBCIWETTFZRZCAAEXLIMJOGCLYLOCKBQLDKSRBHXAACHFNAMYXSEGZMYPOJQTTYOVRPCKLDGHQCQZIDRSKLZGZFJUZIITZPKKWBVPLAUNXQCIQBTIFNHOUSTLITOVSPSNBJOSZGKPPMGZWGOBVXPCVKUNLZMTFXXMQLAFUTASDDJTOUCMATAZPUDJYREXHCUNAJCETHEMPXBPHCQMPKTKHRCIVNNPDRBDRFOLLDSCSZZULSZNVGNKFNTQJQZFBYGAOLTIERSUIEHLUMOICHYGGBOIBFMSUSREGZDUUUCASSUYKQPOVWZVXLBIS,MATRIMONYASTHEORIGINOFCHANGEWASALWAYSDISAGREEABLEANDHEWASBYNOMEANSYETRECONCILEDTOHISOWNDAUGHTERSMARRYINGNORCOULDEVERSPEAKOFHERBUTWITHCOMPASSIONTHOUGHITHADBEENENTIRELYAMATCHOFAFFECTIONWHENHEWASNOWOBLIGEDTOPARTWITHMISSTAYLORTOOANDFROMHISHABITSOFGENTLESELFISHNESSANDOFBEINGNEVERABLETOSUPPOSETHATOTHERPEOPLECOULDFEELDIFFERENTLYFROMHIMSELFHEWASVERYMUCHDISPOSEDTOTHINKMISSTAYLORHADDONEASSADATHINGFORHERSELFASFORTHEMANDWOULDHAVEBEENAGREATDEALHAPPIERIFSHEHADSPENTALLTHERESTOFHERLIFEATHARTFIELDSTOP
msg_4,LNI,CMHCXTESVDWBLWMUGGJMQEZJHUWNVVNVBYFWTZSRJZLBMQRFHTVNESJSSLBDGZADVHVCDCVSEHCAGUZTTGYIKMNDQWJEYANQBJVHROEPXJVJSNHIYAHEBOOUGQJQQZDVMAHOFGZRSFXBEOZFVZZXMRJCXBPPIAAICPNAXXQYRYJKINYPYVNBOKHBHAFAREMIXPFNLQONMTXUVJGMGHAZUZHHXBQHMBNCEDFCVMOODORKQALZEJAXIKXHOXLBEHFRRCTCGCDYKIQDNSUDHDLQLPENVFAUJQEYUZCMIHPPFEXQJEUWWYPCOJWWBCBNIGNKAUZWNIQPHVWBSBQJORRDDZPRMKPBC,SHEKNEWTHATATTIMESSHEMUSTBEMISSEDANDCOULDNOTTHINKWITHOUTPAINOFEMMASLOSINGASINGLEPLEASUREORSUFFERINGANHOURSENNUIFROMTHEWANTOFHERCOMPANIONABLENESSBUTDEAREMMAWASOFNOFEEBLECHARACTERSHEWASMOREEQUALTOHERSITUATIONTHANMOSTGIRLSWOULDHAVEBEENANDHADSENSEANDENERGYANDSPIRITSTHATMIGHTBEHOPEDWOULDBEARHERWELLANDHAPPILYTHROUGHITSLITTLEDIFFICULTIESANDPRIVATIONSSTOP
msg_5,LNK,KDFQJAMVZKPRCUGYXJRNMBXFDBAWDHFGWVOSCADPJLGZVCLXHSJYRHMVDWAKYCZIXNFHUJEDYREHNMYCDEYTEBXYAXJYTYNDUDDPEVFGTDUJMTZPOLIBQDTDPARJFFKXSKBYZDQSLINYWIKYLKORBIGBLSIIEIHKBLPWZVHRIJVDRHXWFQNTGLFMADQQVAPSHSOXGFXRFGERVFZWPQLMAHLGWYQVKWTIHYEMAJNPTXXMRVNCAQVWAPSVTGUZSZNKVQQUQZEAULRDYNVFUMONLVPARVSZNKHOPJJRQMNCWIIIKVTPUHKSHGNWVETAAGAGEJRGFXFMPBIZUIUKHZNINXNSPYXXJPOLSBEOFEMOWWBVAIJEREDFMMHMSGYCPFFLTLFLVAFUPRNDEXQLNIHXNG,HERSITUATIONWASALTOGETHERTHESUBJECTOFHOURSOFGRATITUDETOMRSSTOPWESTONANDOFMOMENTSONLYOFREGRETANDHERSATISFACTIONHERMORETHANSATISFACTIONHERCHEERFULENJOYMENTWASSOJUSTANDSOAPPARENTTHATEMMAWELLASSHEKNEWHERFATHERWASSOMETIMESTAKENBYSURPRIZEATHISBEINGSTILLABLETOPITYPOORMISSTAYLORWHENTHEYLEFTHERATRANDALLSINTHECENTREOFEVERYDOMESTICCOMFORTORSAWHERGOAWAYINTHEEVENINGATTENDEDBYHERPLEASANTHUSBANDTOACARRIAGEOFHEROWNSTOP
msg_6,LNM,WAJXSBXPJWLUMYCUGZBXHKUBYFCAJUEXQLSSNVNSDOZLPPJHLKXFBJFQQPZYCRAQEIINFIUJWQPODLKABSJGNHMMZJVWMUELDWRTWBTGPKVEJNAIWVGHFFCMWORBFEOCUYVOMXQRQSPJIFFHYHLYXFVBJOLNPFSBIYGFWYUPXGDWEPOHHTGFCKSAREANEJJLYKEBUZYWNVYUGFBBHTLXUXUCAKCLDYGZEZNRYRTXRGXLSNIVNQMTYTQNCRBNZSLVGKDLYPOODPLFKWMHINPLJIPRIZLKTJMZNDLTTNPXOYLHJUHDGLGJWSLPCDWGOOXGSVBWBTIKAQRJUHOFLVKPBYEFPSELJXOENFREGLZOBHEOHKYACWDMGKOUYVWJFMYRLYLREMIKCCPYKNHFVWODTZKUJQCLQEKRNWLBQFVCUWEMNJXINMAZGGLJLXFQYHXGVRGCIYTRFVGAPWOZPAGCBYHRYDLNEPTKSACNIGJBICHOIRUWKNVD,MRSSTOPGODDARDWASTHEMISTRESSOFASCHOOLNOTOFASEMINARYORANESTABLISHMENTORANYTHINGWHICHPROFESSEDINLONGSENTENCESOFREFINEDNONSENSETOCOMBINELIBERALACQUIREMENTSWITHELEGANTMORALITYUPONNEWPRINCIPLESANDNEWSYSTEMSANDWHEREYOUNGLADIESFORENORMOUSPAYMIGHTBESCREWEDOUTOFHEALTHANDINTOVANITYBUTAREALHONESTOLDFASHIONEDBOARDINGSCHOOLWHEREAREASONABLEQUANTITYOFACCOMPLISHMENTSWERESOLDATAREASONABLEPRICEANDWHEREGIRLSMIGHTBESENTTOBEOUTOFTHEWAYANDSCRAMBLETHEMSELVESINTOALITTLEEDUCATIONWITHOUTANYDANGEROFCOMINGBACKPRODIGIESSTOP
msg_7,LNO,XETOXODKEJSZQGXABVOHZKOHVSWUVOIXOHCTQDNVQDSOHCAUTREKETSLNVZPLFRGXPGNOIJMHZSYAGLSVVAXIBFAIDDZKWQLFCLFZZSGWDGWPESSGLYZCGYBRJFUAHIVUKFAUWAGEGGSOUXNJZCKXUWQYHLFRZHEJGUFIHKYAJTCIITWUHCGWYJBDVJWKFDPDRHICXNUJOTHYIKQCUAGHGGBLZXOPADSHCBYZYWRSWVECYDFPXTLWVLNSURRQPPIESLSZFAXVAIYUNARWJDTKDRKDKYKQDDZKFRUEITSNLMZKCSTDWMCKPUUDQHBDBRIVILDRGRKDZARWWXZIGRKBWZBBTVRRWLUIUHKJTWGMMSGGUZTFJFOEQRGVXLWLCQCHRUPXHRN,SHEWASNOTSTRUCKBYANYTHINGREMARKABLYCLEVERINMISSSMITHSCONVERSATIONBUTSHEFOUNDHERALTOGETHERVERYENGAGINGNOTINCONVENIENTLYSHYNOTUNWILLINGTOTALKANDYETSOFARFROMPUSHINGSHEWINGSOPROPERANDBECOMINGADEFERENCESEEMINGSOPLEASANTLYGRATEFULFORBEINGADMITTEDTOHARTFIELDANDSOARTLESSLYIMPRESSEDBYTHEAPPEARANCEOFEVERYTHINGINSOSUPERIORASTYLETOWHATSHEHADBEENUSEDTOTHATSHEMUSTHAVEGOODSENSEANDDESERVEENCOURAGEMENTSTOP
msg_8,LNQ,LGPVMIGDDYHUYRIZTELVIYUXRUEFYRBIPQYRDCGXUIKXMBKUIBWNLKCLGUEPQOGTERCLKGHVPVETZUBHUYZVSQREXVLWHYNHSSOWMEKNWHDGUZXSDNHQZIDHIYDJZGQBACOECIVKJIWIHPDTNDXXLKUUVQMCGCZKFKPESYEAVEIZVGTBXVVXEDPLRAIQCCAEWDGEPSVHSMKNVOTBQDBGQAGWYVUHGZCEQGZDNWUYIHJKXKUHBNWMEJZFMWQCCCSLAIESEJRLYSWLBBVVRVGUWYIENZRCZZSZUOBPHJMFFLYGLSAXRXKZJUUGFZJXDUGBDAL,THEYWEREAFAMILYOFTHENAMEOFMARTINWHOMEMMAWELLKNEWBYCHARACTERASRENTINGALARGEFARMOFMRSTOPKNIGHTLEYANDRESIDINGINTHEPARISHOFDONWELLVERYCREDITABLYSHEBELIEVEDSHEKNEWMRSTOPKNIGHTLEYTHOUGHTHIGHLYOFTHEMBUTTHEYMUSTBECOARSEANDUNPOLISHEDANDVERYUNFITTOBETHEINTIMATESOFAGIRLWHOWANTEDONLYALITTLEMOREKNOWLEDGEANDELEGANCETOBEQUITEPERFECTSTOP
msg_9,LNS,KXHCQMXFBYYGZIDJPPFOKLNXYRGYKUVZJXPRCXWQBJBNWBIKPTDFLSSOCTJIZADGJOVICUDZAWYOYDNQNLQHBWHGVQXXUDABCVGFMOBUETBMWWCYXWGVXXUHYVYVWSMRWMDEEPADZLEFPQMIEYYOYNJVBJAMNQUBRKMYYAVWJLVUFNNBYTXIEDQIRTPJDZSVJPUSJIORTEZOQICBJCFQDDIYCUNLBICSQJZZJKDNTZZZASOEUSKZDNQWJNTGIRCTEBDWDDYHIBGOKDMEMZLERECISYSIAZXLQDDISXJXNKEYURKZZOYMYPZYNYMLUBFZIYXMWVVMJNCZRMXGSMBIKULLNV,WITHANALACRITYBEYONDTHECOMMONIMPULSEOFASPIRITWHICHYETWASNEVERINDIFFERENTTOTHECREDITOFDOINGEVERYTHINGWELLANDATTENTIVELYWITHTHEREALGOODWILLOFAMINDDELIGHTEDWITHITSOWNIDEASDIDSHETHENDOALLTHEHONOURSOFTHEMEALANDHELPANDRECOMMENDTHEMINCEDCHICKENANDSCALLOPEDOYSTERSWITHANURGENCYWHICHSHEKNEWWOULDBEACCEPTABLETOTHEEARLYHOURSANDCIVILSCRUPLESOFTHEIRGUESTSSTOP
msg_10,LNU,FYBRUEGEEZVBGWKDFIHDGVZKITSVGRVCSAMQVPCYYQEVUMCIIINJNBCKNJNOYXDORUVSEUZTFQCZBQNTPCKDWDMYZAPIOAUGYWVLQEHAMKIMJRQRDATUBVLZQXMXCHPPYHGDSZAREEIPQCCKPQHQNYTVYOORYZOHTRWQCAHIWIYJQSIVEXRNPUGKCPZWLDOBUTKCZLIZFVQHNQZJOHJDMFIINDXBTWCQYXEEAYDEUAGSKYRHENHARQPJPNWSIPJCOKIDRDUMSBPXAADXURVDEKINIWWBKUFRGIIAPRRRYNSAWYXFKXECEBDOSHMLDQKKUZEETPLPRIVHRBPQNXFQBIMGQMCQSHBWOLZQUDKHBHJXZBYKUOBTGGQJCRDMMHHJGKEGAVSSELSFFZLIGHUYISYKZUDMTQLDEVMIRNVVOKTYGLDQMFKOITAWSQLELMDBWAZDVPEPYLGDXEOLEIKKREKORUQNVGOCVICSTTKQVLXBPWLEDEWYCCARQRYAVMKORZYFUMDPGBZTSFJSLSBFSJLXDMOZRLKBMMTPMWRCMQFTQRPFDWAXWDENXBBRADBGWYSCQRPOLJFVATHSBWMBVWOSSMCHUJROPDULDOUS,EMMAENCOURAGEDHERTALKATIVENESSAMUSEDBYSUCHAPICTUREOFANOTHERSETOFBEINGSANDENJOYINGTHEYOUTHFULSIMPLICITYWHICHCOULDSPEAKWITHSOMUCHEXULTATIONOFMRSSTOPMARTINSHAVINGTWOPARLOURSTWOVERYGOODPARLOURSINDEEDONEOFTHEMQUITEASLARGEASMRSSTOPGODDARDSDRAWINGROOMANDOFHERHAVINGANUPPERMAIDWHOHADLIVEDFIVEANDTWENTYYEARSWITHHERANDOFTHEIRHAVINGEIGHTCOWSTWOOFTHEMALDERNEYSANDONEALITTLEWELCHCOWAVERYPRETTYLITTLEWELCHCOWINDEEDANDOFMRSSTOPMARTINSSAYINGASSHEWASSOFONDOFITITSHOULDBECALLEDHERCOWANDOFTHEIRHAVINGAVERYHANDSOMESUMMERHOUSEINTHEIRGARDENWHERESOMEDAYNEXTYEARTHEYWEREALLTODRINKTEAAVERYHANDSOMESUMMERHOUSELARGEENOUGHTOHOLDADOZENPEOPLESTOP
msg_11,LNW,OEFWUHBDJOWDELMAQLCTMWWGQMKDPGSGZDKATYMRMKKSMGEZXKEFVZNXCDWXKOUIVBHVRBKRZRCVGDMSBEPVLMDWOEACDPFAWHAXOVXYQOOZASCIHDDBWYLUCZVRTPMKRXCEIFBZAWFIGBSQUHLBSCJWEPIAOOTFTUNQSPQIVTGDWRJPDDFMGFEYWZWPENCUPFUYFVYIRSEIAFYADQEBUZNCXIFFJYWNZQKDOLUYWRUMFPAMXXIQOMXHKHUAEGLOQLNMFZVUAAOCAHDXIBYLITELIZKNBBJPXMYLRYHQWXTANDWFLMWLIPEPAEDVBTOUULCZHOQWXUVYKBSDSQNZTVFKTKUWVWJQKLGZLSZVSULYOJLBFUKTRAMFTJCAJZPYSLPLJUBWQCKIVOSAOCIMSJHCYRIUDFKWDEISMLHJQSBHDIBMQTG,SHEHADTAKENUPAWRONGIDEAFANCYINGITWASAMOTHERANDDAUGHTERASONANDSONSWIFEWHOALLLIVEDTOGETHERBUTWHENITAPPEAREDTHATTHEMRSTOPMARTINWHOBOREAPARTINTHENARRATIVEANDWASALWAYSMENTIONEDWITHAPPROBATIONFORHISGREATGOODNATUREINDOINGSOMETHINGOROTHERWASASINGLEMANTHATTHEREWASNOYOUNGMRSSTOPMARTINNOWIFEINTHECASESHEDIDSUSPECTDANGERTOHERPOORLITTLEFRIENDFROMALLTHISHOSPITALITYANDKINDNESSANDTHATIFSHEWERENOTTAKENCAREOFSHEMIGHTBEREQUIREDTOSINKHERSELFFOREVERSTOP
msg_12,LNY,GFBRLVKOWYJTQJUZILTIWCUFKWPRPZBRXYCDEOLCAPCIYBNISKXTVPNWVHOTBLWYFPNSIDAUTNJFFCFJSPIMHADCUJLINLUFFZKIZCGOONNLSXJGUKRNMJZNMPDAVGCLKUVRAMSRQWIZMGOYCYLWUUZVAWXSRBPMKNZJHKNSUXQFDURSEZRDZFPRVNEQFFQCGHCGLKWUXESPXUIQOGMAGMNAYQZTOIQDAJYZXEIJTHFCCEKMUTBAASNHXZBKQLNOCSULNOXVMALMQMHWGLPWWZLAMLKZQJHKESBXUXENRYCJXYHDEXWTR,IWANTTOSEEYOUPERMANENTLYWELLCONNECTEDANDTOTHATENDITWILLBEADVISABLETOHAVEASFEWODDACQUAINTANCEASMAYBEANDTHEREFOREISAYTHATIFYOUSHOULDSTILLBEINTHISCOUNTRYWHENMRSTOPMARTINMARRIESIWISHYOUMAYNOTBEDRAWNINBYYOURINTIMACYWITHTHESISTERSTOBEACQUAINTEDWITHTHEWIFEWHOWILLPROBABLYBESOMEMEREFARMERSDAUGHTERWITHOUTEDUCATIONSTOP
msg_13,LOA,XWCQGQFGWUIPVDRWBNJLGYBWNKXWRMLJOFFBUZHBAVMJBANBHHDSKVLJKVPVDKIMPYKFIRCXKODBHLGHSMEXPXCNMVXVYOLJHWBIRKWVQEMKFORCKJIWYEXZRHBFBNLGPAXPHWFMQYQLONDVVHLMCOXGVFWIQPXAXINPCUSGOONJMAAWMTZXDXRZGTMZMXVUGMIZOMWOYLDTDWGJEXCYWNGSSEWPHGZYWTOFDGDRLXCPGPWPLLICLXVFDKCLWPQMWQHXDRQIANRSPHEEUQSWIGJOVPEAQEWUPUDPWPHDPTVQOVTEQLHQV,IKNOWTHATYOUALLLOVEHERREALLYTOOWELLTOBEUNJUSTORUNKINDBUTEXCUSEMEMRSTOPKNIGHTLEYIFITAKETHELIBERTYICONSIDERMYSELFYOUKNOWASHAVINGSOMEWHATOFTHEPRIVILEGEOFSPEECHTHATEMMASMOTHERMIGHTHAVEHADTHELIBERTYOFHINTINGTHATIDONOTTHINKANYPOSSIBLEGOODCANARISEFROMHARRIETSMITHSINTIMACYBEINGMADEAMATTEROFMUCHDISCUSSIONAMONGYOUSTOP
msg_14,LOC,HBDULXREVKGXQFHZYHMYNOUZXQHYLCEDJWAWHNTZWCMLJFQRLYILFKXXFDATHRGXPDMSQWDKCDCHQHXLGVXZYPMSOKBNMTSZGHTOKHXQRUNUNZFEHSQYPKFJZKAWTBYXTARVZORORYJKAEZDNQCRSQNVRTKEOLTYHFIFFVUCLABUPHYDEMSOLEXGXJHTXBOFVAGVGOLJBNVETIOWDKFJDSLSBNVAICJMOSGJVJWEMYANXQFUKJWDBQQJEAYHOEXQTNMCRMTMJZQRGLUQFFKSRYUGUGQJHCTMJCJUNQVISHRTRFZWHUYFYYGSRUCXLEVNDSQFYEQOLCAJLUWMTYRDMTKSAHVHMGLFBYIIONSHMFKMWXHFMCBUZMYRHFGUCQKLMSQTDJCWHGZBTKRWB,EMMACOULDNOTFEELADOUBTOFHAVINGGIVENHARRIETSFANCYAPROPERDIRECTIONANDRAISEDTHEGRATITUDEOFHERYOUNGVANITYTOAVERYGOODPURPOSEFORSHEFOUNDHERDECIDEDLYMORESENSIBLETHANBEFOREOFMRSTOPELTONSBEINGAREMARKABLYHANDSOMEMANWITHMOSTAGREEABLEMANNERSANDASSHEHADNOHESITATIONINFOLLOWINGUPTHEASSURANCEOFHISADMIRATIONBYAGREEABLEHINTSSHEWASSOONPRETTYCONFIDENTOFCREATINGASMUCHLIKINGONHARRIETSSIDEASTHERECOULDBEANYOCCASIONFORSTOP
msg_15,LOE,VJDLPJEXVGOPZVMTVAMMMSINWLSJLXYOGYYRHQDOIZUGTGHUGGWEQYIWFOEACSRLMUHWIMFAYUQSFHUQYOUEKRGZXHUGICTKZQLDAMXAYOBZCPPUYRLVJIVFRMNEORFMKCCHHMXFHKYHGTFUSIDSYLUOFLCMYZOPBYVQHOQXQVFTZKHOIBHQZIQEAWSCGYUZJWRMPMBXNTJBHIFVHILCVZBBAFSAHZWVKPJJKYJKZPWOXAQOJHDMRCEGUPERUEUUJGLNTIRJLCWZZNOHUQFUZFWSGCJFUCMCLWFUZMRVTOXJ,ICOULDNOTHELPBEINGPROVOKEDFORAFTERALLMYPAINSANDWHENIHADREALLYMADEAVERYGOODLIKENESSOFITMRSSTOPWESTONANDIWEREQUITEAGREEDINTHINKINGITVERYLIKEONLYTOOHANDSOMETOOFLATTERINGBUTTHATWASAFAULTONTHERIGHTSIDEAFTERALLTHISCAMEPOORDEARISABELLASCOLDAPPROBATIONOFYESITWASALITTLELIKEBUTTOBESUREITDIDNOTDOHIMJUSTICESTOP
msg_16,LOG,CEWPFZDQRKJECCRCTJWFXCKXQTVXROGCVWUPLRRLDGVQFSEJWPOJDCPTKDYTQOUOQNLRMZYEVDDOAXPONLQNPIODSPSUSBJVYYFWMJVFKTVSXDEEXLWOVLKXHXFRHVACVNVTHHFUJPMPUQCPQGBEYMPKXHNQNVNPYOYGNHPNNJOHSSDWHDXDEOIXUPUZQZDOIMYQIRQWILUGOSRRSCWXZBPDHKLIIZCANPDXUUDXZIQNAIJCCJLGUDRONRYAMJAYCUZNLKWMSBASAXVSBLBNNIYETFCEFXTHUNPJQLUDGCNI,SHEMUSTALLOWHIMTOBESTILLFREQUENTLYCOMINGTOLOOKANYTHINGLESSWOULDCERTAINLYHAVEBEENTOOLITTLEINALOVERANDHEWASREADYATTHESMALLESTINTERMISSIONOFTHEPENCILTOJUMPUPANDSEETHEPROGRESSANDBECHARMEDSTOPTHEREWASNOBEINGDISPLEASEDWITHSUCHANENCOURAGERFORHISADMIRATIONMADEHIMDISCERNALIKENESSALMOSTBEFOREITWASPOSSIBLESTOP
msg_17,LOI,UEQSBYMATEHRIRQAZZPYAYZIQXVVXHUGWUNKANSJXRVYGCDRMXFRWMTFORREMOKMGZSQJEANABZVGUBUXVVGWZAIAEPXITTZCISJBVYFMVUEGNNBDONKABEFHZKWWTUJLNDVXWDBURYJNLRYXYDBRQPFEIGWHKUIAINDNDJQRIDAMSKJPNCKTWZWVFSIHYXXUDAFVPJOCOUHBUFMTZFIKDZDRCRGMCKDZRVBWPBWOHFAYXJJHKXIWUPWWSAKNDYWPQUERCOLUOGZVGLWJESZBVULKJCTUNSXGMOIYXFSNXTKLLSRKJTRURQLYKOYUTNWEBLQOQGXSHLSRFHAQMIIDYITBZIHXVIVLWUHQFZQISRPYBKJXXAEPAHZLNWNOKOOUVIECBLCQROSSTLBKONYVDHPSVKKGKKPNVQZUKBXPBGJBQJAL,THEREWASNOWANTOFLIKENESSSHEHADBEENFORTUNATEINTHEATTITUDEANDASSHEMEANTTOTHROWINALITTLEIMPROVEMENTTOTHEFIGURETOGIVEALITTLEMOREHEIGHTANDCONSIDERABLYMOREELEGANCESHEHADGREATCONFIDENCEOFITSBEINGINEVERYWAYAPRETTYDRAWINGATLASTANDOFITSFILLINGITSDESTINEDPLACEWITHCREDITTOTHEMBOTHASTANDINGMEMORIALOFTHEBEAUTYOFONETHESKILLOFTHEOTHERANDTHEFRIENDSHIPOFBOTHWITHASMANYOTHERAGREEABLEASSOCIATIONSASMRSTOPELTONSVERYPROMISINGATTACHMENTWASLIKELYTOADDSTOP
msg_18,LOK,NXKCBMMWQLWXYKZKFNPILLWLCCBTOBDVCPIYISRQRIEALNZVSZYYKNVJEBYEJRERWRWYKOSOKXVOYLMFZMGHFYQMWLPGBGFQUBMEGGGZMSBURCWTTHTHCVBGJGECALQIZUPHGYMIFVHRPNGAHCTDMXCVOGYWDOYKEAEEWPVTVMHTMEREMYZUGJZEEZERNJIQRFCBKVPGENYVPCLHQTAPHPDIILOZWCQWKKCKNBSYPIWCNVGWYECNLSVLJSVLIVXLUBWWELCXAYZKGDSJKZPRTENBSRAXHHCQZMYYIFURXAUTJJJDSQXDJIIUULVFHXSTNUBBLIJWHXGJNCZFJVIODSEDJYDGBZISXAEGYZWRMDTUHPPUMJNHBVS,SHEHADHEARDASSOONASSHEGOTBACKTOMRSSTOPGODDARDSTHATMRSTOPMARTINHADBEENTHEREANHOURBEFOREANDFINDINGSHEWASNOTATHOMENORPARTICULARLYEXPECTEDHADLEFTALITTLEPARCELFORHERFROMONEOFHISSISTERSANDGONEAWAYANDONOPENINGTHISPARCELSHEHADACTUALLYFOUNDBESIDESTHETWOSONGSWHICHSHEHADLENTELIZABETHTOCOPYALETTERTOHERSELFANDTHISLETTERWASFROMHIMFROMMRSTOPMARTINANDCONTAINEDADIRECTPROPOSALOFMARRIAGESTOP
msg_19,LOM,YGVDBMOYUKBVZGYYZUPXYNVQVDCLYSGFEHDGNSUPOFRNEAIHDNCKSPATRDSNLOQIRFKOXKXXQQIAPOKNGDDIVWWJZDUHNEUSSQRZISGRZFNYEFEKOYDAKHYJZOQZAPAZZLIHWZZQGVESEWENIGTODDJJCUTZQPMIKCEHYFDAJADYHTLRWEMPIVSGXVNRWNZOMKNBZSSOUXSLQBZTZAPFBDSOFMSDXYFBLQWIJYXBHESYRXQEGWPELVOSMGYCOYICMOFZBMOOKIGIOIQXSNUZGXOTGZZRXNJUPHKRXKYGDDCLHDNJADIMXFMFJQLSTHUOLINUQCNMXNHDPUHKDRPDWGXPZFKYTMGUITYNLVBHCNCDVGKRLLEMPXJKEPFVLKMDGSAZJTTKXUAAAGSZXDXDYKQZFWDBTJ,IDONOTTHINKHEISCONCEITEDEITHERINGENERALSAIDHARRIETHERCONSCIENCEOPPOSINGSUCHCENSUREATLEASTHEISVERYGOODNATUREDANDISHALLALWAYSFEELMUCHOBLIGEDTOHIMANDHAVEAGREATREGARDFORBUTTHATISQUITEADIFFERENTTHINGFROMANDYOUKNOWTHOUGHHEMAYLIKEMEITDOESNOTFOLLOWTHATISHOULDANDCERTAINLYIMUSTCONFESSTHATSINCEMYVISITINGHEREIHAVESEENPEOPLEANDIFONECOMESTOCOMPARETHEMPERSONANDMANNERSTHEREISNOCOMPARISONATALLONEISSOVERYHANDSOMEANDAGREEABLESTOP
msg_20,LOO,KUQZDREGEQESOGJNXDHQSWINUBSPVMLZZHCDUIJDSCOXIGKMDCJDIFGRDYOULKIAJFQZVSZZEIIRJNUXBSLTRQGLKUBLWXCFVNLYFDRBOSLMQDHMZFODDBJXVKHEKNCZMDEOUTVIHAQUEPCEOFSSJBDXOXASCGWHFLIMIHCKDHOWXEAIHEAZPJWFPEOGQGTTYNNMKJHCBFPWYOTMIICIWVGJSJZMBAVXZADCKMAVNDKCOFOXAUFFOISBQUKEFFIPUEFEJTBFDWGHCPLCNGSBBTUFQFPNQNCHQQZURNYXYWSJBFRXVZJKDQMQDAKUYPFVLVLCRPOOMCZFZAMJFNDPSERDWBVBETBLOYDCTQOTLNSLSMKROKOWMVNRYKSJKYPUZOOUV,THELOOKINGOVERHISLETTERAGAININREPLYINGTOITHADSUCHASOFTENINGTENDENCYTHATITWASPARTICULARLYNECESSARYTOBRACEHERUPWITHAFEWDECISIVEEXPRESSIONSANDSHEWASSOVERYMUCHCONCERNEDATTHEIDEAOFMAKINGHIMUNHAPPYANDTHOUGHTSOMUCHOFWHATHISMOTHERANDSISTERSWOULDTHINKANDSAYANDWASSOANXIOUSTHATTHEYSHOULDNOTFANCYHERUNGRATEFULTHATEMMABELIEVEDIFTHEYOUNGMANHADCOMEINHERWAYATTHATMOMENTHEWOULDHAVEBEENACCEPTEDAFTERALLSTOP
msg_21,LOQ,PDFBRWVWDIUVCSJLHDXWBSWATOPSMRMOTRTWZHEAMEKQXDIOIEUIDUWXUNACZWZXHFJBEJYSBTVNMWAZNMEVCYIQOHLQJBMTWUIRPOODMRRCVSXKJAXWLXORVZILFEPUJOLVQRGWRYUIZTFHITLBGOCORFVNBMAQEPOYDGJQYVHFSDDUPWFJOTPRXVKKCNBRMNZOMKVEJJGVSENOXXQZGIMNXJNPDYAPUVASLYXFVKCWHLSYLRKMQDUCUCLJFSJCWCAWBNJYBBXTLBNIQFCEZSMQAHOVLMHLCVHYWRKAMDDPWWIMHHNJQTSFNQZHGHJAJRWPHQKWQBLHJNGWBVFMWRUHJLLTVTSKSHXXMJYLRMLFMQUYHGVOUNKMCBUGRCSUGNDTUXIOBRM,SHEISNOTTOPAYFORTHEOFFENCEOFOTHERSBYBEINGHELDBELOWTHELEVELOFTHOSEWITHWHOMSHEISBROUGHTUPSTOPTHERECANSCARCELYBEADOUBTTHATHERFATHERISAGENTLEMANANDAGENTLEMANOFFORTUNESTOPHERALLOWANCEISVERYLIBERALNOTHINGHASEVERBEENGRUDGEDFORHERIMPROVEMENTORCOMFORTSTOPTHATSHEISAGENTLEMANSDAUGHTERISINDUBITABLETOMETHATSHEASSOCIATESWITHGENTLEMENSDAUGHTERSNOONEIAPPREHENDWILLDENYSTOPSHEISSUPERIORTOMRSTOPROBERTMARTINSTOP
msg_22,LOS,EVUIPDKCLUCLDCXNLHGWEOTJFXHQYSLAOMRVIWCSZMUXBYEXMDMBSAHJQNSDJMQAUOWGBLSBILFLDIZNSWDBFWXPUQXIRFAUGRBIMQAGDJPMHOAOSFULPQMPFXIJFQYQDHDPGSVEYEQAEZNDLDURODHHYADEMYEWLYHTCEBFDWUIMYVMSPCPQZHQWVDOEJKOWDDCXZHIJDUJJDUGFRITNQNLKDIHIRYEUOVTJOHOEWDBWJIZHPHBWCONKGTFUXWTXAODQTGSHCSRQMKIMSXIAZVLRITILVYDZZBSECXGSYGZIQOQQBUOAUIPCLLSJWXWBVEXMWVVKZQRYHQFWFOEYBUNXVFRLHHAIHKIFCQZZUCRUKNIFKYGSKNDGCWHSZPIQLKBYBNSDKXKVNRRYKZZKXUXKUKZXGIHUDCUWQGXEJRSKVKZLHHKMTEHJVTHRFUGVMJVFHWIDXLDVUNFCCYRIVWYCLJQSXUXCABSMELFEXNOKQBFJGMWSLXWHHBVMKRCPIFOUXCSSDCBNBVBNBKMXPEQVCXPJTNRWSVDSTN,WAIVINGTHATPOINTHOWEVERANDSUPPOSINGHERTOBEASYOUDESCRIBEHERONLYPRETTYANDGOODNATUREDLETMETELLYOUTHATINTHEDEGREESHEPOSSESSESTHEMTHEYARENOTTRIVIALRECOMMENDATIONSTOTHEWORLDINGENERALFORSHEISINFACTABEAUTIFULGIRLANDMUSTBETHOUGHTSOBYNINETYNINEPEOPLEOUTOFANHUNDREDANDTILLITAPPEARSTHATMENAREMUCHMOREPHILOSOPHICONTHESUBJECTOFBEAUTYTHANTHEYAREGENERALLYSUPPOSEDTILLTHEYDOFALLINLOVEWITHWELLINFORMEDMINDSINSTEADOFHANDSOMEFACESAGIRLWITHSUCHLOVELINESSASHARRIETHASACERTAINTYOFBEINGADMIREDANDSOUGHTAFTEROFHAVINGTHEPOWEROFCHUSINGFROMAMONGMANYCONSEQUENTLYACLAIMTOBENICESTOP
msg_23,LOU,QNJMLITRCTBQBUWIDTBNXVMUVHYZWWABRGVTVGBOMCCTWHSAUEBSWSOLDWOMWQKZZGXYDZAHKNHXDHYTTSPNFJUAYEIJLFFFFNSVZTJQSLCDVMMBMLCDIKUSBKJBVMABSSEBCKNHRUAUVTGOTSUVZTMYNALDYKRVRWDXAPGFQUKMDKGCDMZOVLDTDWWQXDFEBZKPTVAZDJXAOULJZCVNUPRWMFSGPKKGJCHYGXMYWOYALDDSVUGLDESYLZICLQYEHBXGTSJCWLWJVLGFOMEWECCLVIWSOZMEPCTSJIQLJEFWWCRIEUAGWIOWHHNHRENENURJAJDEIZIPRRKDRPJXWDORKCQWJWLAMKBBULVB,LETHERMARRYROBERTMARTINANDSHEISSAFERESPECTABLEANDHAPPYFOREVERBUTIFYOUENCOURAGEHERTOEXPECTTOMARRYGREATLYANDTEACHHERTOBESATISFIEDWITHNOTHINGLESSTHANAMANOFCONSEQUENCEANDLARGEFORTUNESHEMAYBEAPARLOURBOARDERATMRSSTOPGODDARDSALLTHERESTOFHERLIFEORATLEASTFORHARRIETSMITHISAGIRLWHOWILLMARRYSOMEBODYOROTHERTILLSHEGROWDESPERATEANDISGLADTOCATCHATTHEOLDWRITINGMASTERSSONSTOP
msg_24,LOW,XYBGWOUVBQPYSEGHGRQGLWWSDPMXHNFDPNQOCOVMUECNFRVXBACSJWJLHKEJLBOZDWKYCAKONMATBNHNSZZZKRLLMHNNQGIOFTOJWKLJVELBEZBOEKHXGZAASXWMDZOSLFNYFTKXGUQPBYDRTJWNGISPAAHRMGBIKOLZTNNVAKBMCOLDJBOWQFVWOLOEFNMXMYWHGBLAAPQUUIMBOYNJUIFOFIBQNKZPQKPJYUJHWOBOFLYTSFMKCUJBRJJRJWJJTUZVOLTEYRNHHGNOKZBVJCORNGCHGHEUQBYBHTJEJZLCGNBRUASDIFBURCILVNBBYQILQHSUKDIPR,THEDREADOFSUCHAFAILUREAFTERALLBECAMETHEPROMINENTUNEASINESSANDWHENHARRIETAPPEAREDANDINVERYGOODSPIRITSANDWITHOUTHAVINGANYSUCHREASONTOGIVEFORHERLONGABSENCESHEFELTASATISFACTIONWHICHSETTLEDHERWITHHEROWNMINDANDCONVINCEDHERTHATLETMRSTOPKNIGHTLEYTHINKORSAYWHATHEWOULDSHEHADDONENOTHINGWHICHWOMANSFRIENDSHIPANDWOMANSFEELINGSWOULDNOTJUSTIFYSTOP
msg_25,LOY,UQFKCOZTQMNOKLADFQGKCWDFWVRPZMRQYXZLWHCERXRRJLYIMGGZGAIDTFGLRFKRUEWXJYLVLAFWDOHRSIBMWZGSVDDOGYDTUHXENTDTEJJBGQKLZUDVVKAULTPNMQBUDKKNHHVTBBCIQIADOOWWQJSZMCGVESVTNGAOUQFVVEALJKAPSMUKMYEUVPRKOYEWRJZDMBTGFCJAKKHNZRPPLXPZZNEAWYUWLPJRMASCNEJZCFNNHCLUWDJCPUOTWISXXMNGUCKDWKZJGNRHCWFQDEOMOTCLMJULASUNKYVXNVLMHLCRHGYCBMAIDCADPDZILXSDEERJCMKQBNWUHQUPFAQCQHBVEFEQYJNRZACYDWDDQRDUDVYVUDPPPWVDCUQTSIJTHQO,HEHADFRIGHTENEDHERALITTLEABOUTMRSTOPELTONBUTWHENSHECONSIDEREDTHATMRSTOPKNIGHTLEYCOULDNOTHAVEOBSERVEDHIMASSHEHADDONENEITHERWITHTHEINTERESTNORSHEMUSTBEALLOWEDTOTELLHERSELFINSPITEOFMRSTOPKNIGHTLEYSPRETENSIONSWITHTHESKILLOFSUCHANOBSERVERONSUCHAQUESTIONASHERSELFTHATHEHADSPOKENITHASTILYANDINANGERSHEWASABLETOBELIEVETHATHEHADRATHERSAIDWHATHEWISHEDRESENTFULLYTOBETRUETHANWHATHEKNEWANYTHINGABOUTSTOP
msg_26,LPA,WZHIFHDFKTHUWPRQVULIQZKAUQAWLAMRXQEBJYZVJQWXYVQWOAAGLPMWNWSDJAWQWMCTPNJKRZUWNXYJTHRZWYFBUVVEEKYYGUDILPRSHGAPSNTLNLYGLLKJCHASEWHWXZEXPYDIULXSBDHCYINXEMVYRBXHKBUCZYBSZEZYOZMILPAHEZKRJRFKGQSIJFUNAGLQRATPCBFAUZGSQPUDHQDYHCRRWPJQFVVAGBYJNHJVOIAXUIJCKETUPDADJVJNOEHWOXOCPYHNCJJRVAMYAXLCFYLUOPMOYJMVSHRNCIXUTZBHGPMPWCXGO,HECERTAINLYMIGHTHAVEHEARDMRSTOPELTONSPEAKWITHMOREUNRESERVETHANSHEHADEVERDONEANDMRSTOPELTONMIGHTNOTBEOFANIMPRUDENTINCONSIDERATEDISPOSITIONASTOMONEYMATTERSHEMIGHTNATURALLYBERATHERATTENTIVETHANOTHERWISETOTHEMBUTTHENMRSTOPKNIGHTLEYDIDNOTMAKEDUEALLOWANCEFORTHEINFLUENCEOFASTRONGPASSIONATWARWITHALLINTERESTEDMOTIVESSTOP
msg_27,LPC,AXJZQVUVEJRRTZVOGYSRQTNDUFMNIBTBJUYZMPLLCQJNJYOMVUVZOPAJFEAVAQBUDZMROWDJODVPZCPTXWXZPOGYIUJXGMAKJBKHEITYAMGFFKBYRFDLZAZUYHIWSPLCOXXVVKZQRZWSOICSUGZUFTITGSRZZBQSLAFMVBYJUZGNFNSBXIQRBRPVSELFZTQYSHUGSDMBPQHSNPHZGRCIFQQNFJOVIGBESSJXEBMEWJYGJMUYSJUUEJYJBZSIZQZOEFTRTGUZYVIACUVZQDKEABKPEKKUVAJNMTRHJVWDVPKUTPCHPDWLYLMCOESUSJWFCMPMNFKKLPYXJDKQFJVKRMVYWTWQGQZALCSYYZDGVDXNNMMUSEGVZDKOJPTFGGNKVYUZRQRUMTNFEOSLXKUCUZDTFCCHLVQHWUUPFLUKVSSXSVJDAGFGFKZZYDPDHDMMAJJNGWCSYJTOFEUJWQVZKMDVKDVGSWLXZNOCVVNLVKHAHTPNEAGWEQFZVMREAGMYPKRQDEKDGVTYLOMDISVTFGHUNKYDBDFUAYXHOGMUBCCOQHKFRNWRBQQAUPXDIJNFLHTFJYERATZUYILZNIQYDGPUGRKVYCJGBPAIXTORNUGPKVLQUZQOBBOQHCMXIUOFTPWBRDOWJAMLQAMYSVGJQPWBUGWUBIITKNCNXAQDUASVMBDBKURVHHHIQPVTFALQDPYCULMFLAAYRAUKHASQRONXWXK,MRSTOPPERRYHADBEENTOMRSSTOPGODDARDSTOATTENDASICKCHILDANDMISSNASHHADSEENHIMANDHEHADTOLDMISSNASHTHATASHEWASCOMINGBACKYESTERDAYFROMCLAYTONPARKHEHADMETMRSTOPELTONANDFOUNDTOHISGREATSURPRIZETHATMRSTOPELTONWASACTUALLYONHISROADTOLONDONANDNOTMEANINGTORETURNTILLTHEMORROWTHOUGHITWASTHEWHISTCLUBNIGHTWHICHHEHADBEENNEVERKNOWNTOMISSBEFOREANDMRSTOPPERRYHADREMONSTRATEDWITHHIMABOUTITANDTOLDHIMHOWSHABBYITWASINHIMTHEIRBESTPLAYERTOABSENTHIMSELFANDTRIEDVERYMUCHTOPERSUADEHIMTOPUTOFFHISJOURNEYONLYONEDAYBUTITWOULDNOTDOMRSTOPELTONHADBEENDETERMINEDTOGOONANDHADSAIDINAVERYPARTICULARWAYINDEEDTHATHEWASGOINGONBUSINESSWHICHHEWOULDNOTPUTOFFFORANYINDUCEMENTINTHEWORLDANDSOMETHINGABOUTAVERYENVIABLECOMMISSIONANDBEINGTHEBEAREROFSOMETHINGEXCEEDINGLYPRECIOUSSTOP
msg_28,LPE,BUGGFJCGTBSKGNMQLSDKBLYENRGBVUZCPUACUIFLFOJWZNFHCQZVAXVXDZZJEQOPDYCZVJTGRTFTUGVMFFBJGYAACFTDSZBYZRFJKKEIIWEBBCVIIOISGZAPKJTLSZTQEUTHYLRXPEDMOSNXYXZOUXXTEJPTQKBNCMJPDQVNTLSLAKLHMEFLTSEDVGADCDIQVZEYYWFSSDOPYYLTYHFCZYXTAAVEQPODIAAKUMDWWOZQBSLDUHYZDUGQYXQSPCMNGMTBMFABRXSBKWRQORQZFNHXDKKSQRQBKOOEPBGXSRPLIQFDQSPIQRBLTHVLGWJ,MISSNASHHADTOLDHERALLTHISANDHADTALKEDAGREATDEALMOREABOUTMRSTOPELTONANDSAIDLOOKINGSOVERYSIGNIFICANTLYATHERTHATSHEDIDNOTPRETENDTOUNDERSTANDWHATHISBUSINESSMIGHTBEBUTSHEONLYKNEWTHATANYWOMANWHOMMRSTOPELTONCOULDPREFERSHESHOULDTHINKTHELUCKIESTWOMANINTHEWORLDFORBEYONDADOUBTMRSTOPELTONHADNOTHISEQUALFORBEAUTYORAGREEABLENESSSTOP
msg_29,LPG,FYOQFFLFTTQZSDUYCCGBAVQYKOOPRRNLXHPKNGMTCRCQHSMCDAJTCUBMWGDIKIBWDAMLILIRWCXFLCPSZJYSBGGVSAWHUSZLXAIGUIDWLDYWLDLODQLQHISLYTOPBQZUGNNNSRCOSNQLEPFDUYGACWKBMSKAKFGBNIQTJYQXAYSZNVBYHEXONHVKQHZIKPZTFHARBPAIUIJDSBYUOGMMMCWAFTSMXYEFNGDORMVDENJNUZXBKZKCLLAQGFKMAZSRENBBHCZVJNCQRLIBIFNTFZYEIWDXLIBENUHCKDLLWZPRMKGFHJPXHIXOGC,THEPICTUREELEGANTLYFRAMEDCAMESAFELYTOHANDSOONAFTERMRSTOPELTONSRETURNANDBEINGHUNGOVERTHEMANTELPIECEOFTHECOMMONSITTINGROOMHEGOTUPTOLOOKATITANDSIGHEDOUTHISHALFSENTENCESOFADMIRATIONJUSTASHEOUGHTANDASFORHARRIETSFEELINGSTHEYWEREVISIBLYFORMINGTHEMSELVESINTOASSTRONGANDSTEADYANATTACHMENTASHERYOUTHANDSORTOFMINDADMITTEDSTOP
msg_30,LPI,UPTOKBCOPRQKSKOCEZDULAYJOUFJBWBRSXEWYWVRZXQMZTUCSZFGGLNDUDEIUCXGITZVAOGDTSTNGCDVXQKPWGADDQCCPWCLBIBUZHMNQWLXZRVFIWSFUMFKGTCFVIRUHJQROGKZGAUSLLZPDTOZQLTBEWFGQYFVBGBZBXRGKMEHKKKSIWVNPOWEPCEGOEPXVLCUOKVBEGGPZNUIHKMABNTVGJCKUUDZTIADDFXBTQEJWSTZUCWYWICWWZUZXOIZQFAURYSGMJEDRCGOOCNGWBLBZMJWEBXSHPNHHGSFHQYALNPQWCVHIXWZKSTADIGDPXEBDCKTSCMEREACGBCRKPTZPXOMGZRBTBSNLZZVAFTGWLOAQSZMNRPKXLMUNEAWDSHZANMQTQUHSEUKULAATWUVOJNCHERTAUVCTFLIKQJZQ,ITWASMUCHEASIERTOCHATTHANTOSTUDYMUCHPLEASANTERTOLETHERIMAGINATIONRANGEANDWORKATHARRIETSFORTUNETHANTOBELABOURINGTOENLARGEHERCOMPREHENSIONOREXERCISEITONSOBERFACTSANDTHEONLYLITERARYPURSUITWHICHENGAGEDHARRIETATPRESENTTHEONLYMENTALPROVISIONSHEWASMAKINGFORTHEEVENINGOFLIFEWASTHECOLLECTINGANDTRANSCRIBINGALLTHERIDDLESOFEVERYSORTTHATSHECOULDMEETWITHINTOATHINQUARTOOFHOTPRESSEDPAPERMADEUPBYHERFRIENDANDORNAMENTEDWITHCIPHERSANDTROPHIESSTOP
msg_31,LPK,FCLYIHRHSKGTEWLDXKDYVSAIFVBBYHPLVONWQMNNWORHQKDCREBTWJFOBXDWHVXQIYCDLMYMVFVJVXEJMJCDSAEHIEZJETCTPQRJAWJWDIOZXLDKQBLMFPXKBLLWBVPQINWCFFHRXHYVKFXFPGPPCBMMXWEKYQYXDUCSBAHWHZCWBXQPBUHSKKSZWFZOLSWCNEXFAGUJEEYYZXMQSJIICSUMBAREWMTSRAEYBEBMOCHZQZUEOARQAUUFAVOBUORIUXUSBGUDQSDHYQNXNPPPJOVQHAWABQYAEWGWYYKVDLBQVXXCHUDQVVOBGWASFIRTJAECCPKIVNTSSSDSOXWGNAAYDCBLDOUTNEHIYM,IFTHEYAREANXIOUSTOSEEYOUHAPPILYMARRIEDHEREISAMANWHOSEAMIABLECHARACTERGIVESEVERYASSURANCEOFITIFTHEYWISHTOHAVEYOUSETTLEDINTHESAMECOUNTRYANDCIRCLEWHICHTHEYHAVECHOSENTOPLACEYOUINHEREITWILLBEACCOMPLISHEDANDIFTHEIRONLYOBJECTISTHATYOUSHOULDINTHECOMMONPHRASEBEWELLMARRIEDHEREISTHECOMFORTABLEFORTUNETHERESPECTABLEESTABLISHMENTTHERISEINTHEWORLDWHICHMUSTSATISFYTHEMSTOP
msg_32,LPM,GNZDKCCYQMCRUXEWOQQYIEXURDRBOUXZKHQUXXQPXQHVGEYOUDFPYSGWGBFVKPJNWJINEMGHZAVFNLQOZDCIGWGQCAOBOJELGDSNUFQQHQBWKGIJGWNSKAMTVHCNLRXCYLVOLXPWTXTVXBBBMPPDYCKXKWKRRZSVBEKZCVTGKPERUHPIJOANWSCURJJSCAMMEALCWVAGURHBWURZJWSVLETRIWLYFTHCTQWETJWVKCCSTDVRXFXIMWVAXFRGFLNRCYNISNSKQHQSTBIABUFOBDAIDBOVHLPCYIXLEXNDTZLGWJ,IHAVENOHESITATIONINSAYINGREPLIEDMRSTOPELTONTHOUGHHESITATINGAGOODDEALWHILEHESPOKEIHAVENOHESITATIONINSAYINGATLEASTIFMYFRIENDFEELSATALLASIDOIHAVENOTTHESMALLESTDOUBTTHATCOULDHESEEHISLITTLEEFFUSIONHONOUREDASISEEITLOOKINGATTHEBOOKAGAINANDREPLACINGITONTHETABLEHEWOULDCONSIDERITASTHEPROUDESTMOMENTOFHISLIFESTOP
msg_33,LPO,ZSQXJJGBRYANPGKMYMEHDKNACQNWWVQPYJPYOUGEPMGKUQMZTXJJBOHBHXNGCMIWOTKDMKSWQCYAHWMQPNPWGYULLDCXNJLPRJLYIMGGIGKRIDCOJSAZRNGXUBCZKWTFWSXVLJNAUIDUKWTOBWCWQINWCKYOOSEWXFTFLFAYHKQAMGRMNUUIKDUYVTAVTNBMKNKYOPUTDNSDYGNIKTIATNJOEUCKDTQZSABEXLBYOFYLMEHIOOFHOZJMNPOEWXMPZUZDNZPZPSQQNCZMBZOGQQPQKJDUQKAIINLCPJKBHIMJT,MRSTOPELTONWASSTILLTALKINGSTILLENGAGEDINSOMEINTERESTINGDETAILANDEMMAEXPERIENCEDSOMEDISAPPOINTMENTWHENSHEFOUNDTHATHEWASONLYGIVINGHISFAIRCOMPANIONANACCOUNTOFTHEYESTERDAYSPARTYATHISFRIENDCOLESANDTHATSHEWASCOMEINHERSELFFORTHESTILTONCHEESETHENORTHWILTSHIRETHEBUTTERTHECELLERYTHEBEETROOTANDALLTHEDESSERTSTOP
msg_34,LPQ,MYMEHNFTGSJFQPSTWVZUYYRRIBXCCKYCIOULWBMFMLOWUDIMUVOLFCLBKZHYTNWPAWVDTXKXBWWHOHRQJLXPYFVKZSIJQMDDVEYNATVFQKSORWZNAMIBDEVHQESPMYUECNPXOEIGXGZNOOYKFGPNMZUMBYNCZWFWGQZMHBJWLMIICECRDVHBSSTXITNKFVGPMPXASVOIYTKVFJHFNMOLPIPDTHLSRWLYRXNNOXRLVIWOLVDRVEZXAOAMWOSQYUQURCSSVCZINNCKANSELDCDYAAJRASFELRFSEBZSRKDKGFKHPHCYBIUHCAXNFXUIESYEGAYNSOEMWOHULLMTYMGULNIKWKBRUDPOWKIXABLAMQNLGIGTVCECOPZUPOCAJQZVZIDAQNCKXCHMWKFVZKXMYBJPXNBLGBWHDTEFXWTR,TILLTHISYEAREVERYLONGVACATIONSINCETHEIRMARRIAGEHADBEENDIVIDEDBETWEENHARTFIELDANDDONWELLABBEYBUTALLTHEHOLIDAYSOFTHISAUTUMNHADBEENGIVENTOSEABATHINGFORTHECHILDRENANDITWASTHEREFOREMANYMONTHSSINCETHEYHADBEENSEENINAREGULARWAYBYTHEIRSURRYCONNEXIONSORSEENATALLBYMRSTOPWOODHOUSEWHOCOULDNOTBEINDUCEDTOGETSOFARASLONDONEVENFORPOORISABELLASSAKEANDWHOCONSEQUENTLYWASNOWMOSTNERVOUSLYANDAPPREHENSIVELYHAPPYINFORESTALLINGTHISTOOSHORTVISITSTOP
msg_35,LPS,YTWRFCNFCELZLKBBGFKFYXHESKBZZRTLIKSMXUGOGRIHPXQYQRDMRWJSDVZYIXDTQXPEQOZGZPGDKEHHANRIMGOUSJEJYIHCWIUEAMSMAZJCNPSPVWWOMVWGLGPAXGCMDPGHRQJBDQUOEZBYUSKFYJCPNZAFDSYPHOISERURZVAPTZHCQCWQZIEKSZFWNQHPMAPKCEJFONTMRFKOGHGVECXXNDALVSVXWLJVNZAJNGWPLOOYOPQPTHXPAOXWLIMBPZTCWOJBEKKQFHGPMGUBGGGLISBMIHRVYKWDXCACVDPKCCBBCKCIALXQGICV,HETHOUGHTMUCHOFTHEEVILSOFTHEJOURNEYFORHERANDNOTALITTLEOFTHEFATIGUESOFHISOWNHORSESANDCOACHMANWHOWERETOBRINGSOMEOFTHEPARTYTHELASTHALFOFTHEWAYBUTHISALARMSWERENEEDLESSTHESIXTEENMILESBEINGHAPPILYACCOMPLISHEDANDMRSTOPANDMRSSTOPJOHNKNIGHTLEYTHEIRFIVECHILDRENANDACOMPETENTNUMBEROFNURSERYMAIDSALLREACHINGHARTFIELDINSAFETYSTOP
msg_36,LPU,ZGISODKTZTVMPYNQPEMGICGKISESBHXWNOPUJJTPZRLHMZPUXIQPOQAOWOKUYYWFAOHJAXJVBVJAFNSRDFCXAIVQXUFFZRZUHHNBPFWGXCXARRSGQXWJDXRYJSQXGCMKEGUWKZDELLPXDQINAEHBOOWAWEPNSVEUEXOSHMMRMKKXEHJSKSIRHBHRGNJUAMVEAKCHFIGOGDTMPAYBAAKKAASPWZTRZWNOXKGKTMHCGJAYIWIIUVXIYXDGNOZCENZPOTCBQMJUFAQOOQCIJUEAVVWEALPOHYCWOTWCDEOYJEACEEAMIJROUCTAVECWNICEEOEXYQYXXVATPHYBZRNYYBPCNLHGAJLRKAMRAXMGNUOCHWGQIMSFXJATTNOHZMEQRSOWGHKZDXMWEXWZWWNRJLKIXSKYDOJVGAINLVMLJDCUQHNFPUJVRXSJGUEKKKQUDEVYPLYKHJXEZWQFKQNXEBFQFUCLJQYDPHJAGWQHWJYLGMYZLWGLHHSRTCUFRJVAHADLBOANVKFLUHLCLPIMNERBURIUDVVOTIYWRSFQZJRKUMIZZDNUAGPXBCUELYGSWTDPIVJSHORGFPXUHOWTIYMGUCAPDASKHPAGXERRY,THEBUSTLEANDJOYOFSUCHANARRIVALTHEMANYTOBETALKEDTOWELCOMEDENCOURAGEDANDVARIOUSLYDISPERSEDANDDISPOSEDOFPRODUCEDANOISEANDCONFUSIONWHICHHISNERVESCOULDNOTHAVEBORNEUNDERANYOTHERCAUSENORHAVEENDUREDMUCHLONGEREVENFORTHISBUTTHEWAYSOFHARTFIELDANDTHEFEELINGSOFHERFATHERWERESORESPECTEDBYMRSSTOPJOHNKNIGHTLEYTHATINSPITEOFMATERNALSOLICITUDEFORTHEIMMEDIATEENJOYMENTOFHERLITTLEONESANDFORTHEIRHAVINGINSTANTLYALLTHELIBERTYANDATTENDANCEALLTHEEATINGANDDRINKINGANDSLEEPINGANDPLAYINGWHICHTHEYCOULDPOSSIBLYWISHFORWITHOUTTHESMALLESTDELAYTHECHILDRENWERENEVERALLOWEDTOBELONGADISTURBANCETOHIMEITHERINTHEMSELVESORINANYRESTLESSATTENDANCEONTHEMSTOP
msg_37,LPW,JGXGWUZDODTYXYHNZDKJJNDXBXFCAENJCWIUGWZPPCAOGJHZBDHRPCXNWNTUMGNXZIWKQJVWYIXWYOBCOZWAEXAOPJFZCLVRXUJLRNOUUKQFKIYAVPOZPJDXZGLZAYZBFMSOVDTRWXLBWUCDNVQYSOVXCWSBLVAACWVLBXPFFPRKBZATRBRMIONINAOYCMFJVUMSLHZZYAZDTNSVMZYVUVOTZOXUWVBJYOXMTAOVQYOOVZSOZABJFKDGVKCOWZPRZOZDVAJBQVWGKOZSCGPGSCKKSOYMEQAIZKKFXLVZNACPWMSUYPHNYERKWAYIMUEKNWFNLQFCR,PERHAPSSHEMIGHTHAVEPASSEDOVERMOREHADHISMANNERSBEENFLATTERINGTOISABELLASSISTERBUTTHEYWEREONLYTHOSEOFACALMLYKINDBROTHERANDFRIENDWITHOUTPRAISEANDWITHOUTBLINDNESSBUTHARDLYANYDEGREEOFPERSONALCOMPLIMENTCOULDHAVEMADEHERREGARDLESSOFTHATGREATESTFAULTOFALLINHEREYESWHICHHESOMETIMESFELLINTOTHEWANTOFRESPECTFULFORBEARANCETOWARDSHERFATHERSTOP
msg_38,LPY,PLCIUAEFUFYRIWSXANLGDIIIESPCGGAYBMHDXVEUXURQQXGUBQGHFLUDANZNVEACQEWOPWGUVQDTWSWGXAMJPWFKORDCKOYRZCYBQQMWUGYLWFOJIWEIOGKPJKOWCBHOPQCCMSLESZXRADOZHSMEYRFLKIEWSKGZMELVXGYXOTJAXFDHNSLKWJLXIFCNHAMRQIZGAJMJAUETUMGNKSRLUBFHCRXRSXFSEYOGYIQMJQFQZABTCYSYWNUGQQVGZRAGNKMWEZIQREJDJKXGHIYLLLASNCKLTORBPZBUOJLRZQQUGBLLWIYIWEIXUMVREJPZBZVCWCECTUFPSPHVAUCTOHBJMYJFXACRFKF,MEMYLOVECRIEDHISWIFEHEARINGANDUNDERSTANDINGONLYINPARTSTOPAREYOUTALKINGABOUTMEIAMSURENOBODYOUGHTTOBEORCANBEAGREATERADVOCATEFORMATRIMONYTHANIAMANDIFITHADNOTBEENFORTHEMISERYOFHERLEAVINGHARTFIELDISHOULDNEVERHAVETHOUGHTOFMISSTAYLORBUTASTHEMOSTFORTUNATEWOMANINTHEWORLDANDASTOSLIGHTINGMRSTOPWESTONTHATEXCELLENTMRSTOPWESTONITHINKTHEREISNOTHINGHEDOESNOTDESERVESTOP
msg_39,LQA,MXYJMVCSKNCKJFXKCOYZDCLQHOVIELACJSAAZVBROWRKRNRYCQNGZUQWGBGXJKMTYRGDRXAKDNWHTIXXNLVDQUVTZOBNTHOFNTJAAJXOJZZMWLKYYJIFSGLRAQUPFLTJLHWCSBJIIWJUSIXCPQIBJSVXHLFIDJYEETPUXQFXJRVIQIKTYKMMZKBMLJZRMLLNXGVIUPYDXOZARMBSHNMZDRNCHFYGLKKWXQWOIZXRAFLNKTWXYHHSMNULXYCTOIYKLHCXXLHLWOXZYLHAXPGMLDEAQGKUQIGMMVRCNCHYYJZMLPCXYECURRLWGNCXMFXJERAVYKNXHBBSKLDRDB,ISHALLNEVERFORGETHISFLYINGHENRYSKITEFORHIMTHATVERYWINDYDAYLASTEASTERANDEVERSINCEHISPARTICULARKINDNESSLASTSEPTEMBERTWELVEMONTHINWRITINGTHATNOTEATTWELVEOCLOCKATNIGHTONPURPOSETOASSUREMETHATTHEREWASNOSCARLETFEVERATCOBHAMIHAVEBEENCONVINCEDTHERECOULDNOTBEAMOREFEELINGHEARTNORABETTERMANINEXISTENCESTOPIFANYBODYCANDESERVEHIMITMUSTBEMISSTAYLORSTOP
msg_40,LQC,PWPWPMLXAVKUODKIKNPYPHBPBQTOLFKWEXXHRGNLTKLFPXVEJUHGHBUUZZPSXAIHTJYWWWCKSCDGCAPXNLSHAALNOPGXTJZEHFIMGLAYQZQPONOOCZJEZPUQKWXBHYMVNBBVKIJUTQMZKCNENJPPODIDTZBMIJLRCILDRKOLROPDHAPBSGSPCBYNZTBFRLBIBJUUOOQKPQYYDCCCMPTPGARXFPMRHFBBTNUBHFQTXTBAPIVFYYRQWOQEDTNFMHRDJEVFRLXDKXLCCGHWKGIIVQDLJWBITVYYQTHKWOTXNELLHLQIJXDWJEIGIAIRLUWUZHSFNVPJN,MRSTOPWESTONISRATHERANEASYCHEERFULTEMPEREDMANTHANAMANOFSTRONGFEELINGSHETAKESTHINGSASHEFINDSTHEMANDMAKESENJOYMENTOFTHEMSOMEHOWOROTHERDEPENDINGISUSPECTMUCHMOREUPONWHATISCALLEDSOCIETYFORHISCOMFORTSTHATISUPONTHEPOWEROFEATINGANDDRINKINGANDPLAYINGWHISTWITHHISNEIGHBOURSFIVETIMESAWEEKTHANUPONFAMILYAFFECTIONORANYTHINGTHATHOMEAFFORDSSTOP
msg_41,LQE,GPZEXJVHDMTRBONWPKKPQZLIITTHCXSVOXZQXRBXOCJYNYTSKAQHESXBAFYKJDVOGERZSZAKPCIVWDWDDYHKVLLBWCSOFMPPLBITAIJTSGLQBKYADRZUMHXCUZUQFDTYDVJOFBVZWYLNNJEXYAZNHAKNJALRXBVDOSUBWIDYGWRPRVWUTDWGZCRSACXVUPEKTKNOVKQTSORMNVQPPPXVZLZTREJSOYTZLUKNEFVWRPYBWPFCTKKYEGCTQLLYVEJNREDUHCBFNHKQNDZEJQVQIUCLBQGACQXDHWBLVVRHMYYIBPWFCBHJDXEZQSSIYOLPRHJB,CONCESSIONMUSTBEOUTOFTHEQUESTIONBUTITWASTIMETOAPPEARTOFORGETTHATTHEYHADEVERQUARRELLEDANDSHEHOPEDITMIGHTRATHERASSISTTHERESTORATIONOFFRIENDSHIPTHATWHENHECAMEINTOTHEROOMSHEHADONEOFTHECHILDRENWITHHERTHEYOUNGESTANICELITTLEGIRLABOUTEIGHTMONTHSOLDWHOWASNOWMAKINGHERFIRSTVISITTOHARTFIELDANDVERYHAPPYTOBEDANCEDABOUTINHERAUNTSARMSSTOP
msg_42,LQG,LNPVXPEJHAOKHXQYFQVKJEGGWNLQWSELENIBVESCJZECGPFTCUHMNKQZQEFIWYIOYPGFSJYZNICSTMUPFUDLVHUDRSIHQWKZHPAZCMNGHRKAOKKNITGQDOHXUMIEUASHQRYJKUHFSSGQEGBMOYFQWCMDKSIOLWJLWBYZGWDKAANZTIQQNTUMGNDZRMNNFIADCCDHNOPPLKNUYJRAEUCPXZFRBOROHKBVMCXKDEETDIEYHVEIJDEAHHAUYOIHIDWPVVOKUAISKQUJIZIDLYFQEQKJRUEHEAHAMYICJFBEHYWNAINXPKQA,THEEVENINGWASQUIETANDCONVERSABLEASMRSTOPWOODHOUSEDECLINEDCARDSENTIRELYFORTHESAKEOFCOMFORTABLETALKWITHHISDEARISABELLAANDTHELITTLEPARTYMADETWONATURALDIVISIONSONONESIDEHEANDHISDAUGHTERONTHEOTHERTHETWOMRSTOPKNIGHTLEYSTHEIRSUBJECTSTOTALLYDISTINCTORVERYRARELYMIXINGANDEMMAONLYOCCASIONALLYJOININGINONEORTHEOTHERSTOP
msg_43,LQI,IAOTODHUWOXPGYWNIWQPEWLGNUQVHWFJGJOXGXBQYEIOYPPIQIDIPHMYEQKPXVOMHZUXTNBCEJYHQVWRXFMVQXAIYAJBOIYKEDKHMDCPPRUXQJUDGYBOEWBJZEWXBGIARHTMWKMVGIHRIHVRVJMBGVAGTXCFZIOALHKHAEEOJSTGKBXYNPHGSINWTBPJPOMCVOJTFNPWBIIEYBIFJYZZELFLJALOBOZXKNNJCPILYXROHMWXORDOMMOJGVVYWLVEMEDFVSTBIKQVRUAUZKAZZRFFIPQSMITZNFLGKEPBMOEVNMOXRGGQRBNFKSAYWSHFCWLTSPUBFHRRYCZNR,ASAMAGISTRATEHEHADGENERALLYSOMEPOINTOFLAWTOCONSULTJOHNABOUTORATLEASTSOMECURIOUSANECDOTETOGIVEANDASAFARMERASKEEPINGINHANDTHEHOMEFARMATDONWELLHEHADTOTELLWHATEVERYFIELDWASTOBEARNEXTYEARANDTOGIVEALLSUCHLOCALINFORMATIONASCOULDNOTFAILOFBEINGINTERESTINGTOABROTHERWHOSEHOMEITHADEQUALLYBEENTHELONGESTPARTOFHISLIFEANDWHOSEATTACHMENTSWERESTRONGSTOP
msg_44,LQK,YZNZLZYUWFNLGZYWZSQJENSYMELTXLAQNESDSNPBLWFOJVQZJHHDJLLSXSXNLXOGUAVLBZGWSJZYPHDMRMUOQMBWUTBMDMRCXLIZJUBUQYUCHVZUSWWHPGXEXPKVZQYIFBJGSPIDNTKEBNDWWVKIXSIMFGPKXEKACTDVTZJDYDNLRLQMLZXXURJAXWVHFCZYFXOHKUWVTLGBLZMRRJDYWRPQDFBLJVVZCAGSNDFNHNNYIFQECXQSYTOUYTFQEVYHSGISZXELARCTNYEALYGEADKKICJRCLACLMJRSIEIIHESUSQTDAIKWGFQRORQVOGXJBGACJPEULCQCPWABQYIRMZJCSJGPNCXBZVWDPZDVYOVMKJVWWEXGRVRCNNWAOYHAIBAVZHQRLYCWOPSXRAQDWHSRMQCWPUEESPNFRZIUBJDKVALCF,THEGRUELCAMEANDSUPPLIEDAGREATDEALTOBESAIDMUCHPRAISEANDMANYCOMMENTSUNDOUBTINGDECISIONOFITSWHOLESOMENESSFOREVERYCONSTITUTIONANDPRETTYSEVEREPHILIPPICSUPONTHEMANYHOUSESWHEREITWASNEVERMETWITHTOLERABLEBUTUNFORTUNATELYAMONGTHEFAILURESWHICHTHEDAUGHTERHADTOINSTANCETHEMOSTRECENTANDTHEREFOREMOSTPROMINENTWASINHEROWNCOOKATSOUTHENDAYOUNGWOMANHIREDFORTHETIMEWHONEVERHADBEENABLETOUNDERSTANDWHATSHEMEANTBYABASINOFNICESMOOTHGRUELTHINBUTNOTTOOTHINSTOP
msg_45,LQM,ATHIPMNBFTLVLPBCVKQYHBVPNBGIZSSMVKNTLQGPTCYFHJOELYSKSZXGQAACVGWPGCULZRAXDYOMCKBCXAKTJVWPPJQSNZVPUFEJEZWRYHDYJLYBKYMYUYILYNNPUZLFUSHPDXSEKQZPKIFDPJLIITGLZLKMVOZJOJQTSJLBDZTKTESGKOCLVRJRYZMVMIAICMATLBRZBOXTWOSWMJDIDYFNYFSWXQWOODPGVZYKOWAFNYFMXRARVBERAUAPLGPQPXKWMZLBQFXWCTDIIZOVXGDTBUONLEIYZCBSOECIGBHYECJWKUSMNTSJYGNRRQVFFFAFZNJUMABCZCZ,IKNOWTHEREISSUCHANIDEAWITHMANYPEOPLEBUTINDEEDITISQUITEAMISTAKESIRSTOPWEALLHADOURHEALTHPERFECTLYWELLTHERENEVERFOUNDTHELEASTINCONVENIENCEFROMTHEMUDANDMRSTOPWINGFIELDSAYSITISENTIRELYAMISTAKETOSUPPOSETHEPLACEUNHEALTHYANDIAMSUREHEMAYBEDEPENDEDONFORHETHOROUGHLYUNDERSTANDSTHENATUREOFTHEAIRANDHISOWNBROTHERANDFAMILYHAVEBEENTHEREREPEATEDLYSTOP
msg_46,LQO,BSZFHUDAPUTJGNYJLDKIKNPYPTQUKFZPQDIXAVNNMXLLTTMLHXUVJVIQNZNGVMFSKKIQEZXISWQLDOIDQBUDDMHBAIYUFLHDKYPDMHWLBGOYDFENIWDVVUXISPLYBIANTUCQTOBUYEVWBPPFHAQYIWXFTCTXBCPKIPHRGDDGLELJZCYQGXBEUYFALNMXNSKEKNGGJALOWCTMSVTBTKLBNDTNRZUGNPOYOWXRKNYLRASTYWMAXVWFIIDJPTFIVVYWLVEUBOVVBOHASKYDGWHYZQNAMZEEBAFPXBCWZOOGBPTLLMZCDPXJRMUAKHJONO,MRSTOPWOODHOUSEWASRATHERAGITATEDBYSUCHHARSHREFLECTIONSONHISFRIENDPERRYTOWHOMHEHADINFACTTHOUGHUNCONSCIOUSLYBEENATTRIBUTINGMANYOFHISOWNFEELINGSANDEXPRESSIONSBUTTHESOOTHINGATTENTIONSOFHISDAUGHTERSGRADUALLYREMOVEDTHEPRESENTEVILANDTHEIMMEDIATEALERTNESSOFONEBROTHERANDBETTERRECOLLECTIONSOFTHEOTHERPREVENTEDANYRENEWALOFITSTOP
msg_47,LQQ,XYWNIWHIZPPRPWWZPWGZDLMWVUHFGJGEIYXJDWCJZIUQUCPPXNJIADKLGDPGCYZSLWWYETKOBZRGNPTQILJNOSWDJBGINUADZIJPIIJWNKZFJRMWNCOXRVCBHCZCIYJRPWFMUJIPVUCOUIJFMCEXTVLSWYTLJDIMVISQYZKIXUBUNXPRNNMGTETTXAIPNTGEZGWVETJZTNZRQLMHBTTWGXJHQDHRYXZRYQWWKPDRLGCRSDXRLPRKNPHHVJTOOUHVKVHSLKFJXQFWQPQSQMBCNVNIJGEHJTXZGSUGEDNURJJBUVRRZFASRWISHCHATHRJRQVSUZZXJTLPBKCOFHXPHOHKYIJVJQTXUHWNJVRCDAQBRYLQRWYHRWPVQEBYLKTFUDAOYAAQOWEBAWTIQZRZKBKXGBHCHYMMQJGWFNNVQGSPUPYNCTMXNZASLBBBOUMDJTNHKXIZZQUFQRFWURZAFQZMJDMUZZQGIFCZPNIJDLIZDJTMXQSOKGXGCMK,SHEHADNOTADVANCEDMANYYARDSFROMMRSSTOPGODDARDSDOORWHENSHEWASMETBYMRSTOPELTONHIMSELFEVIDENTLYCOMINGTOWARDSITANDASTHEYWALKEDONSLOWLYTOGETHERINCONVERSATIONABOUTTHEINVALIDOFWHOMHEONTHERUMOUROFCONSIDERABLEILLNESSHADBEENGOINGTOINQUIRETHATHEMIGHTCARRYSOMEREPORTOFHERTOHARTFIELDTHEYWEREOVERTAKENBYMRSTOPJOHNKNIGHTLEYRETURNINGFROMTHEDAILYVISITTODONWELLWITHHISTWOELDESTBOYSWHOSEHEALTHYGLOWINGFACESSHEWEDALLTHEBENEFITOFACOUNTRYRUNANDSEEMEDTOENSUREAQUICKDESPATCHOFTHEROASTMUTTONANDRICEPUDDINGTHEYWEREHASTENINGHOMEFORSTOP
msg_48,LQS,ELJBHNRSXFJPHCWZZTRXWTXEIJZXULZXSCZMJPEPZCOBOSFUECXPEURZHYCEWHKMNDSNRHVKAEAWCTMILBPTAWBVEQTZCLKMZEZBOKNPSTSHRMPYKRJOIGJWFMFDLBWTMJSXECCEPQQJHKIOZDJDIOGBUAFGSSFIEWXTKOQKKWXWJRSBUSHFLNOSPXNPRJERIBFFRTMCEAKKRJPIQYVCTFYTHKVVSSJCTZMOYLWBAMKHASVUHKHKETDMVBSSNZQRFXUVYSUNDNUFIGOYUWIQIABXFHAVXUDXSCRQINMVSAREGZHNBDW,ITISSOCOLDSOVERYCOLDANDLOOKSANDFEELSSOVERYMUCHLIKESNOWTHATIFITWERETOANYOTHERPLACEORWITHANYOTHERPARTYISHOULDREALLYTRYNOTTOGOOUTTODAYANDDISSUADEMYFATHERFROMVENTURINGBUTASHEHASMADEUPHISMINDANDDOESNOTSEEMTOFEELTHECOLDHIMSELFIDONOTLIKETOINTERFEREASIKNOWITWOULDBESOGREATADISAPPOINTMENTTOMRSTOPANDMRSSTOPWESTONSTOP
msg_49,LQU,XHKHJVDUOIVMBYFPVPBQRCKHXKVBZGRWBTIHRNBCJMGWFQLAMSUJESBVVNJEZFDGTZAREYUSRZCBQCKCQWVGYRNNYPCBJCPFXDNRBJAAJQVXMWNXIHELCHIAXZJJRJDVVYGWSPIYZZJZHXHHEOULIMRHBJGAJQYDRWWWWZJUTWYMTBKSOXNGQWSVRWMCDBEOFWFLYNLYYDIOYRJCRZXRMJRJNTLXCHCSPQYLTQWULDCMWRWOMALGPEAULKETNTMKFWMHVXYUZOEVEFQIJMQTKQECDORTYUIFLHEZDCREYDAMNXBMMQOOWIHZFHWHCTKRAYYHPGWIDBZKTRBLOEFZUXXCSRIKQIKFUCXCEETZUCLLGGCCNHCDUWPAIEXZSITVLIJAQXUHMABMMPTMWOPSVERSGZLFPNZYBPGBVBCGNIBBTQNQHWQYYIAQVUEYLHKYMJHGXOETPWBDNNINCJLFIPXYLLTCZMBMDUVQFWNRCTWKLUXMRYBWLLZCJJTHRTDLFPFDXRKCGSKVZRBOFSF,MRSTOPELTONLOOKEDASIFHEDIDNOTVERYWELLKNOWWHATANSWERTOMAKEWHICHWASEXACTLYTHECASEFORTHOUGHVERYMUCHGRATIFIEDBYTHEKINDCAREOFSUCHAFAIRLADYANDNOTLIKINGTORESISTANYADVICEOFHERSHEHADNOTREALLYTHELEASTINCLINATIONTOGIVEUPTHEVISITBUTEMMATOOEAGERANDBUSYINHEROWNPREVIOUSCONCEPTIONSANDVIEWSTOHEARHIMIMPARTIALLYORSEEHIMWITHCLEARVISIONWASVERYWELLSATISFIEDWITHHISMUTTERINGACKNOWLEDGMENTOFITSBEINGVERYCOLDCERTAINLYVERYCOLDANDWALKEDONREJOICINGINHAVINGEXTRICATEDHIMFROMRANDALLSANDSECUREDHIMTHEPOWEROFSENDINGTOINQUIREAFTERHARRIETEVERYHOUROFTHEEVENINGSTOP
msg_50,LQW,RXVYKESINVGQHNPQEPUXGWJBLVNSZQJZEGANIQAEYESCELSMGMCLBUGMPMVBBGMMKZTZCQRVGORNEWTTHWFHREDSRBOTTCUMWLHBEOYLADJOJAOHUUDCQRVLVYIJMBHNBBVVECLSRRHHHKHSOIDHDFJLDTOSWYFKVAMPSTKTIWUCLKSBBKHDEWBBLTTKWAXWFLAUFWOHVBZSPPAZNCLQBVPVKKMOMONKCGQVBIRUBOSGYLXTUMEHBMPCHNNCYCBHRFBUHXOLKSAAGKHSXCIXQXEBAGBCWZEQLEGMEZFHLHBOAYAPKGWRNIGIAYEAKOPQTEOGUBPIIFEUZQVLOTSCHEKKYMZNYMOKUSONJTGHWXRFGWDGKYSACWLODNQHXFOCSXDWRHUXLQARTHNDBOOJGSVNVWJZLUFFVHZGWQIPIQRJWLGIYLHKONDJKVJLRCALAOKEBKDFAFLVVASMNXHURNTRJRMDZGYFJAGUVQUAIGBRSLPQIEEYTXLABFVEEEI,WELLSAIDSHETOHERSELFTHISISMOSTSTRANGEAFTERIHADGOTHIMOFFSOWELLTOCHUSETOGOINTOCOMPANYANDLEAVEHARRIETILLBEHINDMOSTSTRANGEINDEEDBUTTHEREISIBELIEVEINMANYMENESPECIALLYSINGLEMENSUCHANINCLINATIONSUCHAPASSIONFORDININGOUTADINNERENGAGEMENTISSOHIGHINTHECLASSOFTHEIRPLEASURESTHEIREMPLOYMENTSTHEIRDIGNITIESALMOSTTHEIRDUTIESTHATANYTHINGGIVESWAYTOITANDTHISMUSTBETHECASEWITHMRSTOPELTONAMOSTVALUABLEAMIABLEPLEASINGYOUNGMANUNDOUBTEDLYANDVERYMUCHINLOVEWITHHARRIETBUTSTILLHECANNOTREFUSEANINVITATIONHEMUSTDINEOUTWHEREVERHEISASKEDSTOP
msg_51,LQY,RDPZOIWKBLUOEBDGDEBXSXZDHITDFCTKHCPFMHVUFNIUXMXPIXWDGJSNZHNAYTFTOEZRCWLZKDQPIXYYYYPFGZKHHXUUXMXJJQNLDRNORCADFWWHKDRBPOIZWXBLGZEBQJRHEVUXGRVPEAHVBDCJIPWTCFUWWWGORNXMILMGADMOQOQLTKOYVWSGKXWNPWBIJCVOUUVIJUQYQZMTYVZFASEEZRULZUQJXMMCEKIHQDEYBGAPHWXTSFSXLNPMSNNRYRVVAXGKTOOLKVRXYYPHTYTPKFTPLVZXBCDWIEMFDTYOITJCABBCWFFOUFONYHUFYPRWGGQPUTJHGBCEKVTZMTZHNBMDGJKMHZGNQHDSVAVXZTOUCWLFCRHMCYTWNNOWRNIBCDWHPKCXAQKFEPHMDSUPXAHIXALMSFN,SOONAFTERWARDSMRSTOPELTONQUITTEDTHEMANDSHECOULDNOTBUTDOHIMTHEJUSTICEOFFEELINGTHATTHEREWASAGREATDEALOFSENTIMENTINHISMANNEROFNAMINGHARRIETATPARTINGINTHETONEOFHISVOICEWHILEASSURINGHERTHATHESHOULDCALLATMRSSTOPGODDARDSFORNEWSOFHERFAIRFRIENDTHELASTTHINGBEFOREHEPREPAREDFORTHEHAPPINESSOFMEETINGHERAGAINWHENHEHOPEDTOBEABLETOGIVEABETTERREPORTANDHESIGHEDANDSMILEDHIMSELFOFFINAWAYTHATLEFTTHEBALANCEOFAPPROBATIONMUCHINHISFAVOURSTOP
msg_52,LRA,JHVISXSDWBIDDQHJQDHVTOYUQIAHYIIAXZKMCCEIWGDZIAMBTUYJYSRTSRJLCLUONWDEEQSYNZPRAMJFNQVRZHYCQOSJKJGHDXJPNFFZQUGSDTLVLBRVLCRIHQXAZLVEAUHUUUQFONPUAMLVOJNAOIORRKBLWGSYXGJPXSNWWEDJKKIIVZKXXRUNVAIWFNMAFJKSTZFNFXQNZPXYLBUJFBUIQVEZRCRCLQABEEHVJQQTUIRKPHUCBFRWMUBROOMLXKUVEBOKODNLBDYHTWVEDCBYZNOUSEBFXLPUHSCEWOQJPIZBLEUGSMADUXQHO,MRSTOPELTONANDIAREVERYGOODFRIENDSANDNOTHINGMOREANDSHEWALKEDONAMUSINGHERSELFINTHECONSIDERATIONOFTHEBLUNDERSWHICHOFTENARISEFROMAPARTIALKNOWLEDGEOFCIRCUMSTANCESOFTHEMISTAKESWHICHPEOPLEOFHIGHPRETENSIONSTOJUDGMENTAREFOREVERFALLINGINTOANDNOTVERYWELLPLEASEDWITHHERBROTHERFORIMAGININGHERBLINDANDIGNORANTANDINWANTOFCOUNSELSTOP
msg_53,LRC,GZUZKBZUXVOVOYDUJLFBHGZMELPDYIBWJVTWWSXLNZASQLYIPHMCRBFRDDTKNABVCPJFZCCJNWPQVRMDFQGHOVHWLPMFDWGYMJQJWPPPNZXTMQMLCXPDJWHUECNBKVRAGWPIXPWDIEHDJJNZYREJVJDDRPAXSMGVWKZDNEZUFYIXNRMSMSXCCYXPMSYFSGYKNMEZRMHNADBVXJBHVPWDBUGBDXOTUVTDVATGCGIEAHFPZHTARLMDWBHAMNWYOYKMYEQAZZMHWAUXGVISOKFSZLPCKQZMOMKPYWDTVNHNVZYQKVKZRVKDLMXPXYNWHQKRSQUXQHWPVYZIMELOKHTHEYEIRPBGTIHRFJIRALKFMBTYMZJUZPO,MRSTOPWOODHOUSEHADSOCOMPLETELYMADEUPHISMINDTOTHEVISITTHATINSPITEOFTHEINCREASINGCOLDNESSHESEEMEDTOHAVENOIDEAOFSHRINKINGFROMITANDSETFORWARDATLASTMOSTPUNCTUALLYWITHHISELDESTDAUGHTERINHISOWNCARRIAGEWITHLESSAPPARENTCONSCIOUSNESSOFTHEWEATHERTHANEITHEROFTHEOTHERSTOOFULLOFTHEWONDEROFHISOWNGOINGANDTHEPLEASUREITWASTOAFFORDATRANDALLSTOSEETHATITWASCOLDANDTOOWELLWRAPTUPTOFEELITSTOP
msg_54,LRE,JHKDEBMGPSZODQJISYXGZNYSXJTRHAGQYFYBDKWSXYHDHNFIGZMZOPRWIAZLDZPNPWIMXOVSMGZLRWXQHZYCRZCWODKNRZVJFWIKQLWAWILJOIJPAECCANIYFVXRDGFVHCZOWDCZRVFKRSZJLSFRTBNLYCKKYOXPNTSYCKORLHNTFOZKILIBINBNBVRKVAGVVTJJACIVJJNQTRBKXOGZOZKBGNVAAAONDSKFQRFDBEAGUXLNRAHLFIEJCRXKWDOLOEQOIYPAEWPUSWKXEBEFCVCWPNUZJAZQPCVKZZRPPNWZVCGZVQCMQWPDGIZNXZKQXXHDBGQLUHZKIYEXVKERVDLVFWJHCVSBHKUXEIOCWHMGMYTARTMGPFTCHBLKYIYWHUXANGYTWGPXTNHNICGSZRVYJBDKMWPANKDIBJSNAOWGBDVZFJKGEHPXUJCDVHPZWMIPLFLBRHSFGKTPLUFDPEH,IFWEWEREOBLIGEDTOGOOUTSUCHANEVENINGASTHISBYANYCALLOFDUTYORBUSINESSWHATAHARDSHIPWESHOULDDEEMITANDHEREAREWEPROBABLYWITHRATHERTHINNERCLOTHINGTHANUSUALSETTINGFORWARDVOLUNTARILYWITHOUTEXCUSEINDEFIANCEOFTHEVOICEOFNATUREWHICHTELLSMANINEVERYTHINGGIVENTOHISVIEWORHISFEELINGSTOSTAYATHOMEHIMSELFANDKEEPALLUNDERSHELTERTHATHECANHEREAREWESETTINGFORWARDTOSPENDFIVEDULLHOURSINANOTHERMANSHOUSEWITHNOTHINGTOSAYORTOHEARTHATWASNOTSAIDANDHEARDYESTERDAYANDMAYNOTBESAIDANDHEARDAGAINTOMORROWSTOP
msg_55,LRG,QHQLGLJMUIVXVMGOFTINMNQXAOONHGZKMAYTAXKKXYZDBZAMIBBAKUQMSOZCQMPUXIFFVZNOVZBMFLTUUTFFJGKNVFVLNJIKCKBCPZDSVUZABIJUVHFBTEINCVIWAKQPDKERJJKVMWGLLXJDLGKZGVTNMIONMZNIWDAITTCWMMWTFJCFQWRUGWZZNSVEEWJKKNHHVTBGGCWXKLABCMNKFHGKTANRXGMBAOXRLACINHYFMQOIKKPMPMJYYONOLXVCUHXBDCFUHCMUAJVGOPLFMXWUESFIGESFGAMAVCKCRBPM,MRSTOPWESTONWASAGREATFAVOURITEANDTHEREWASNOTACREATUREINTHEWORLDTOWHOMSHESPOKEWITHSUCHUNRESERVEASTOHISWIFENOTANYONETOWHOMSHERELATEDWITHSUCHCONVICTIONOFBEINGLISTENEDTOANDUNDERSTOODOFBEINGALWAYSINTERESTINGANDALWAYSINTELLIGIBLETHELITTLEAFFAIRSARRANGEMENTSPERPLEXITIESANDPLEASURESOFHERFATHERANDHERSELFSTOP
msg_56,LRI,NTUUFVJVEZXBPOODBKJOSRQPJTOGWVVLGCKRIFDXNNRVSJALYEODQKVHZYIMLGVXYFGJPQAFIZCQORUZQPCEQVBCWLSTFPWWYXNFGYJBYOBCOZWJWYIIDWSRZDCSMJKPYTCADGJVIWMZRFDVWIJWVFAWMUFCJDHJSOOAMOLMENYNGJUGDAMJTYLBFTFKNUDWCZAUZZTSUJREXHWXZZNTPGISPDLDBOWFZUSHMICCFJGEQIXEUAETBKVFRDCPHCYWRXHMFJGJWZVBXTCKAPXMUZTZYPPOAYRFPRGJHNWLNLYPZCZRLYT,THISWASAPLEASUREWHICHPERHAPSTHEWHOLEDAYSVISITMIGHTNOTAFFORDWHICHCERTAINLYDIDNOTBELONGTOTHEPRESENTHALFHOURBUTTHEVERYSIGHTOFMRSSTOPWESTONHERSMILEHERTOUCHHERVOICEWASGRATEFULTOEMMAANDSHEDETERMINEDTOTHINKASLITTLEASPOSSIBLEOFMRSTOPELTONSODDITIESOROFANYTHINGELSEUNPLEASANTANDENJOYALLTHATWASENJOYABLETOTHEUTMOSTSTOP
msg_57,LRK,HIHAGRLUPLBADCITBSLDZZUQLGKHHSJEQOVXGJIUNXYWZMHWDCOFZVYJJUMWXYNCENKNWOJRGWIEWFCZDILHJSCCFBDLXUOCPHALFOYMMBSVVYSAUWQFFZLKYWRSMNLLFNNYYGAYELZOQNFTZWEXWYGWYNNVXDHWTVTPNXXEPJAYPJYZHBXWKVHTAXJLSINJFEKRZDYQAPPNVAVEKTNFDSKQCEUIFNTVNRJHHUTYNSPJOTNBWWWNHSNYRYADVXYVUCXRTJPBPNICRMSNQRVUBAOOMNTVWSJCPCRYTDEABLQWPLUAXSYFLPJALYIEXKPWZKTEBBHUVCWIIQLTGLFYXJD,MRSTOPWOODHOUSEHADBEENSAFELYSEATEDLONGENOUGHTOGIVETHEHISTORYOFITBESIDESALLTHEHISTORYOFHISOWNANDISABELLASCOMINGANDOFEMMASBEINGTOFOLLOWANDHADINDEEDJUSTGOTTOTHEENDOFHISSATISFACTIONTHATJAMESSHOULDCOMEANDSEEHISDAUGHTERWHENTHEOTHERSAPPEAREDANDMRSSTOPWESTONWHOHADBEENALMOSTWHOLLYENGROSSEDBYHERATTENTIONSTOHIMWASABLETOTURNAWAYANDWELCOMEHERDEAREMMASTOP
msg_58,LRM,QKVJRTCNXXPBSVZQLAUXKWOALFRLRRXSPENGKKXJESDTYYWOVWCVTSWMUFUSVAXVXYGZKETHWLUMZQJSDYZILMQGRXJLILISLNXPBJJPAMVIQRQHSWCIJFLLDEUHREDXLXUYOTUSPLCLTPMUVWWAVDEMXBBAXCADTGBNIZMYGVYJHDPJVCAUGRMKPSDBWUSILQSIVLGHWUFKMNVXGVEUOANWASCXHBTOOANDTPWVEQJSZLLNGNYZQHUSUYRYZDUYJTNCPQMNKXMVMAHMCJQZCWIAFJUWYXHUQGSYZQJCBKCPWWGKPOJIBFQSBARCJPMBMTKOWMJUVDJPXPG,SHEHEARDENOUGHTOKNOWTHATMRSTOPWESTONWASGIVINGSOMEINFORMATIONABOUTHISSONSHEHEARDTHEWORDSMYSONANDFRANKANDMYSONREPEATEDSEVERALTIMESOVERANDFROMAFEWOTHERHALFSYLLABLESVERYMUCHSUSPECTEDTHATHEWASANNOUNCINGANEARLYVISITFROMHISSONBUTBEFORESHECOULDQUIETMRSTOPELTONTHESUBJECTWASSOCOMPLETELYPASTTHATANYREVIVINGQUESTIONFROMHERWOULDHAVEBEENAWKWARDSTOP
msg_59,LRO,WJUNGZUZKBVWFCFPVISXNVFNUVNCPXEZFSQNEMDODJTUBOMNTLICSPZRMPSUNBSCUIVKLMQKOSCQKKZVDPTKCCPINTVYUFHYZUZRMCNIVPTKBWFXNQDXKFSELRMYMZCWKKFGATEOHBYSAYWDHDHWMYWCPSZROHEQKXVYLGPSOSBWCOVKVXTKXVLNCQMHTPPAFGBMJNFJWNFNSBQIQVSZEPGBFUHPIJDLJQLHYRRZILPGKGALCOHQHVZBJPOUJJPPCXEGHMFNMYKUGXWNZGXXQEFJIXVUPHTBPEXCAKRUDRRAJCSIGWHNFJCBWIINWYXOPNHVQZXHFPHDNPAWHIPJWFDTYQDQJRHVUEVFROTFAOJHXVESC,THATMRSTOPANDMRSSTOPWESTONDIDTHINKOFITSHEWASVERYSTRONGLYPERSUADEDANDTHOUGHNOTMEANINGTOBEINDUCEDBYHIMORBYANYBODYELSETOGIVEUPASITUATIONWHICHSHEBELIEVEDMOREREPLETEWITHGOODTHANANYSHECOULDCHANGEITFORSHEHADAGREATCURIOSITYTOSEEHIMADECIDEDINTENTIONOFFINDINGHIMPLEASANTOFBEINGLIKEDBYHIMTOACERTAINDEGREEANDASORTOFPLEASUREINTHEIDEAOFTHEIRBEINGCOUPLEDINTHEIRFRIENDSIMAGINATIONSSTOP
msg_60,LRQ,QEQQRYPQIATLROHODXZCYQVKBLRTFOTGMIYTKBGDGZBXZEHDKLWSSFZJTCROGELUNDMYXKZINORITGBOPWYWYMDCWMBCLCVIKWZHECPADJWFVXDBJWGXGOIHWJZRVFKRUNOZUQUOBZKSSUJENPHVMZOGEXWAUZVEYIGGUNSUYKFXFBIKYRYJRWVWKRLIHPITDVCSRFQKBLMNPOYNLXVKQCYUAKRYTLHFRLGINCGQDBWVMYNWNLZCFAPQYPAOOLTYEEUEAEMUSCCPUVAOXOMKPJXXWZAZNJBIFKGNVUKBBFPVEHBWFOLKRGWKUYPWXYUOEZBLWJ,EMMALIKEDTHESUBJECTSOWELLTHATSHEBEGANUPONITTOMRSSTOPWESTONVERYSOONAFTERTHEIRMOVINGINTOTHEDRAWINGROOMWISHINGHERJOYYETOBSERVINGTHATSHEKNEWTHEFIRSTMEETINGMUSTBERATHERALARMINGSTOPMRSSTOPWESTONAGREEDTOITBUTADDEDTHATSHESHOULDBEVERYGLADTOBESECUREOFUNDERGOINGTHEANXIETYOFAFIRSTMEETINGATTHETIMETALKEDOFFORICANNOTDEPENDUPONHISCOMINGSTOP
msg_61,LRS,TLKLZMKIYRGYCRQLZTOIOXSKKEPENXGRICRDROALWAVEGXYCKTQUNBQVUWIZXXIARTNUUVHIWQGLNOKJJLDVZZKGQDFJCEVJYTVTRDXEKPYILUOPYVEJGSUPHHWQJBCPLYDLJNSMERGCTHBPERIXKLQGXDHESJHXCQUNFCFUERVSZSCIBAJGRFUYKXLJPADPNEQIAFBNQAGHSPAQMAESPRKAMWURRUSPWLMOLPWYFHOFTRQHRONOOLVISMQSKXXQNOZZTJVVREBJXWILIWNGMQZVVRMLPBQBDZPDXZYJDOXSYKNQOTWIYIW,HEBEGANWITHGREATEARNESTNESSTOENTREATHERTOREFRAINFROMVISITINGTHESICKCHAMBERAGAINFORTHEPRESENTTOENTREATHERTOPROMISEHIMNOTTOVENTUREINTOSUCHHAZARDTILLHEHADSEENMRSTOPPERRYANDLEARNTHISOPINIONANDTHOUGHSHETRIEDTOLAUGHITOFFANDBRINGTHESUBJECTBACKINTOITSPROPERCOURSETHEREWASNOPUTTINGANENDTOHISEXTREMESOLICITUDEABOUTHERSTOP
msg_62,LRU,CHRNBSXGURVHIJLNDJTIKLUAJOKCWSKRKWOAQLVVEYLKIJLZSRDAIMKNLMQRRTOJEVAXLHSNVDBINCNINOACTGPRJXBGERQFEVQFZLZCLUCYPIDVJHJKCYVISVEEFOCPIZJBOLDWOMWFYYNRRIIQSEICMMXZDKCYBTRYKXPFOZKMPEOOWQEKFIBDNZZRVDJSCTBJHIQTDDWBJWNPLCBCNVPPASOZQYBTZWMWKQEOYSGJSHFCIDEYENBJDHUMJQVQEJKFHNUYXJRKLBCCWKDOVRXLCRWTIDIFBVSRSKZLLWNVKYDVQRIDO,HEWISHEDTHEROADMIGHTBEIMPASSABLETHATHEMIGHTBEABLETOKEEPTHEMALLATRANDALLSANDWITHTHEUTMOSTGOODWILLWASSURETHATACCOMMODATIONMIGHTBEFOUNDFOREVERYBODYCALLINGONHISWIFETOAGREEWITHHIMTHATWITHALITTLECONTRIVANCEEVERYBODYMIGHTBELODGEDWHICHSHEHARDLYKNEWHOWTODOFROMTHECONSCIOUSNESSOFTHEREBEINGBUTTWOSPAREROOMSINTHEHOUSESTOP
msg_63,LRW,XVBEXFLXGHGKVBJPWPBHXLQOOMWUJPJNKKGHRYMLTGOFSRZZAXGNPSIPJLRCZGXFTRDVHLTHSBOGGLNDUDEIUCXGIVPMCYSFUOKZXXVLJXWXZRWADZMCHRBTURCTWHTBNSTJYRYQDSTNFZLBPTTVZMABJEBBHVYCRRSFMULXSOIWXNDFROSDQXUQOVYZQPKMMVCGVBMJAGXLJNEIZJNVYHTKRMYZNDNODOPYDPOHGUKBZIDGUVCBEFRGNDLBXEBOONLZOZDUBTXNBKPFVZOCHPUPQNEJWDDFRKTDXHFIGMZCCGIXAQGFBACDOMYPFUJNEXQELTGIHIPMNGUOLJOGPVEUJCXVIVDEIH,THEHORROROFBEINGBLOCKEDUPATRANDALLSWHILEHERCHILDRENWEREATHARTFIELDWASFULLINHERIMAGINATIONANDFANCYINGTHEROADTOBENOWJUSTPASSABLEFORADVENTUROUSPEOPLEBUTINASTATETHATADMITTEDNODELAYSHEWASEAGERTOHAVEITSETTLEDTHATHERFATHERANDEMMASHOULDREMAINATRANDALLSWHILESHEANDHERHUSBANDSETFORWARDINSTANTLYTHROUGHALLTHEPOSSIBLEACCUMULATIONSOFDRIFTEDSNOWTHATMIGHTIMPEDETHEMSTOP
msg_64,LRY,CQMUDTNVDSPMZLJCISZRHYOOHLPBJZQRBXFCMDHDLAEFOTNXAWIBGUMFKINMNBXWNQLXKUQONFAVHMBUXMQCUYMQUAEDUMBGWQWZDORKLVXIBVYPMTXLZKPAPRJLYISEHXGSHZOOBJAABEKGOPNFUGBNAZPLKPJHWHWKUSUHBBJWPPYEJKFBOOSLNGVNNPYDCAOYJACIVAEKHQZCWRDQLHVLBDWXKFUYOSIUXHKHLKTASVOIYTFMLFVOBIIVAWKWXTXMOVECKTLEBKDJITPWWZUZXVNRMNDPAQTJVJAYIHCOZQHDYWBTDPWTTVFOCFZDLHWDSWBIZTRJSYNSIVUCKUSYJAYJPCCWFNLKIDYXESNMAFPSDEOMKPJ,ISABELLATHENWENTTOEMMABUTEMMACOULDNOTSOENTIRELYGIVEUPTHEHOPEOFTHEIRBEINGALLABLETOGETAWAYANDTHEYWERESTILLDISCUSSINGTHEPOINTWHENMRSTOPKNIGHTLEYWHOHADLEFTTHEROOMIMMEDIATELYAFTERHISBROTHERSFIRSTREPORTOFTHESNOWCAMEBACKAGAINANDTOLDTHEMTHATHEHADBEENOUTOFDOORSTOEXAMINEANDCOULDANSWERFORTHERENOTBEINGTHESMALLESTDIFFICULTYINTHEIRGETTINGHOMEWHENEVERTHEYLIKEDITEITHERNOWORANHOURHENCESTOP
msg_65,LSA,JBTCTZUKGDNAFJZLGEURESLSGYTGNGUSCMHAUGHLTCOFVBCIHXNCLAPNUZTNLEMZFSHRSWAKNINLXDLRKGAQVTELSOJBSGFXRRUIPAVCQJSAVOFZQXVJRBOMTCCNNHNHSMSHRCKGQIYQEQVLFCPUJCAMFPNAUVETFYFRDXWQLAPCIDCYYZAAQMJZZSQNHAAJZTJETWBEHQAUAZPRYUWKLTGKDRBZRXCWVLCASUMZMSYSOXFDLHISXDKBMARVZNVFHHVJSTJQYVMOQYHIVOIAEBRYUHARTLQMXGGFNPVLETGTQHYYOUPNWZAMTPPAUZSLAXTHXVPVYIOXXWWSBLHCYAPLMPAPZRQIRKYEOOHHKYADCOOZTHKEJJJYWBLHCGLGGQUMYBTIHRNBCJPGJDTLYVSMACPHXHCZEANVLZAIYDHGDELWKOWKCVJAECZQVKHOIEVIJPCAQKOBCQZIXMXUMNGZEJHJWKIXFZRTBGXGVKMIVXMXZMIRZSLSJJRLXONEFDKKIQJGONSCKJCCUXAVISRSKVNRHPHNLJEIZCVUPQIWCUVELGVZPOECCWXMKMQZUJKTBQZQSPQMGVBNGYWWEUNLVRWURDMFDOVMMFHXNMHKICSY,TORESTRAINHIMASMUCHASMIGHTBEBYHEROWNMANNERSSHEWASIMMEDIATELYPREPARINGTOSPEAKWITHEXQUISITECALMNESSANDGRAVITYOFTHEWEATHERANDTHENIGHTBUTSCARCELYHADSHEBEGUNSCARCELYHADTHEYPASSEDTHESWEEPGATEANDJOINEDTHEOTHERCARRIAGETHANSHEFOUNDHERSUBJECTCUTUPHERHANDSEIZEDHERATTENTIONDEMANDEDANDMRSTOPELTONACTUALLYMAKINGVIOLENTLOVETOHERAVAILINGHIMSELFOFTHEPRECIOUSOPPORTUNITYDECLARINGSENTIMENTSWHICHMUSTBEALREADYWELLKNOWNHOPINGFEARINGADORINGREADYTODIEIFSHEREFUSEDHIMBUTFLATTERINGHIMSELFTHATHISARDENTATTACHMENTANDUNEQUALLEDLOVEANDUNEXAMPLEDPASSIONCOULDNOTFAILOFHAVINGSOMEEFFECTANDINSHORTVERYMUCHRESOLVEDONBEINGSERIOUSLYACCEPTEDASSOONASPOSSIBLESTOP
msg_66,LSC,YVCJFXVQVUWGZKRQQMNKQHKZMIEHHFOCZEUBCUAJYSGPGEOBIDUBHGRLIVCPZOTFVASCKJMMHGKWPHHMOXRGICNJGTDBPGXDIHHCBACQRUEMEZTXLWOCEGURCJVLNQBBUKDLSWRWAARMGEDFQMBMZYOOSXCIEZXKGITSWZVVWUWYAWFXKHQCGYZTWBWGAYWPSBZPOUQCTKFDORFJYEGXLLPEXQQZXDZFNCMDWJJMICZLTKPPYZBMJVWYFGZMDYHOZCNILFSFFGKGIECNCHJCYVNKRJRFWHFPNNTXJKTFIVFEQCAYTDWHCNCNCRMUGVCWYWICRWAWWLPVHPQMQOPJHQRHKWRQ,ASTOMYSELFIAMVERYSORRYTHATYOUSHOULDHAVEBEENGIVINGWAYTOANYFEELINGSNOTHINGCOULDBEFARTHERFROMMYWISHESYOURATTACHMENTTOMYFRIENDHARRIETYOURPURSUITOFHERPURSUITITAPPEAREDGAVEMEGREATPLEASUREANDIHAVEBEENVERYEARNESTLYWISHINGYOUSUCCESSBUTHADISUPPOSEDTHATSHEWERENOTYOURATTRACTIONTOHARTFIELDISHOULDCERTAINLYHAVETHOUGHTYOUJUDGEDILLINMAKINGYOURVISITSSOFREQUENTSTOP
msg_67,LSE,AQTTIYNAXLIHZDQDALPFGQNSPYKIQHPWVLIQHBBHXNYWOJVODOTJRFVEJBHMGLRCAMPAPMXSWSMAFZYLQGAGJZCKMKFHIZFGIGCODUPHAXTUJICBTCLRAFWCWPNLTBYQFUVJEFKOQPKWADYFTYHGQYMDCYRGPGUVHALQGLNXFVOXUFMBKXEGZGVGWYHAWXNSRSSHISDUIOTUOWNYTJBOHFYWHMXMMIXFPGZMFHBQDIDWVUMBGCDEJRVTZLFEKKDBUUUMKTBVXYOCICUMFUQFFIMGSZQMNCQOOCZHZAGGOIEJOGGDGGHMKKRWRWBGMUCHYNTUYDPJQJQAOEHHEAMMHLFIFBZATWUBENBCNTBYYWEBZTHWMQKJDNNJXOICNPQKUZLIVPBFNLLFVNMOBXKQPNTJRFGBXVNCOQNZHCPBNMTGZMHQBPZOVCISDXCMTUFFAJUJDYHJKQUJLLZWYFZLNBQLPPXKNJWONQZZFJSXYTSOXRCKNGOBGKEIOHVQKWFNIDFNCAWPVBKRYFKGLTUQTNMBPDTSGDRGLHXFQNXAYRWLLULFDHZRMLSLSZOUXAXLTPHRRPJYZWMSYCTDNIZDJYUFMHNYWFIUSLJGPIMKKWPFMQHGSFUODTWLGKEBMQZKOOQBFLJZRDGBCSPTZWJREZGFVKNRMEZHUAUGKKQTRFBNWVRHTSLNJDBASTDRKFRTPXKFUBYWZKMRKGLYWYUD,THERESHEWASWELCOMEDWITHTHEUTMOSTDELIGHTBYHERFATHERWHOHADBEENTREMBLINGFORTHEDANGERSOFASOLITARYDRIVEFROMVICARAGELANETURNINGACORNERWHICHHECOULDNEVERBEARTOTHINKOFANDINSTRANGEHANDSAMERECOMMONCOACHMANNOJAMESANDTHEREITSEEMEDASIFHERRETURNONLYWEREWANTEDTOMAKEEVERYTHINGGOWELLFORMRSTOPJOHNKNIGHTLEYASHAMEDOFHISILLHUMOURWASNOWALLKINDNESSANDATTENTIONANDSOPARTICULARLYSOLICITOUSFORTHECOMFORTOFHERFATHERASTOSEEMIFNOTQUITEREADYTOJOINHIMINABASINOFGRUELPERFECTLYSENSIBLEOFITSBEINGEXCEEDINGLYWHOLESOMEANDTHEDAYWASCONCLUDINGINPEACEANDCOMFORTTOALLTHEIRLITTLEPARTYEXCEPTHERSELFSTOPBUTHERMINDHADNEVERBEENINSUCHPERTURBATIONANDITNEEDEDAVERYSTRONGEFFORTTOAPPEARATTENTIVEANDCHEERFULTILLTHEUSUALHOUROFSEPARATINGALLOWEDHERTHERELIEFOFQUIETREFLECTIONSTOP
msg_68,LSG,ERQCKGDVHUZXUSXWSALDLILSYWFJNAMNPPJZPXJBOVZEAHAIHTQHYUIKVIHMMAYXRHYGKCWFYKFOOFMQZLMALRRYROUKXRITBDLGDLPSOKPTZTXYQHNOXYVVJDAOTCBQWCQGZOHLKIGPWFDPXVTLWLLKDGBYMUSERDXEHXQNWEKCOBKLCRDBUFAFZKMSLYDCHIQYLZKAXYBGWVBWCDNVLNUIAWKYSLSTSVGRQKMKUFJODKUABMISWPHUHIRRPVQQZDYXHYQCBPTPNTNXREPEGUHNJRFICTNFFDLBJHBMOANVBTCZVFDJNJWBZAFOXDUZRFXRRLCECFIMWLXGENMWDSJCAXFASQYMCZWJGTXOXBBLQKAVYMXCEBLIHCHU,CERTAINLYSHEHADOFTENESPECIALLYOFLATETHOUGHTHISMANNERSTOHERSELFUNNECESSARILYGALLANTBUTITHADPASSEDASHISWAYASAMEREERROROFJUDGMENTOFKNOWLEDGEOFTASTEASONEPROOFAMONGOTHERSTHATHEHADNOTALWAYSLIVEDINTHEBESTSOCIETYTHATWITHALLTHEGENTLENESSOFHISADDRESSTRUEELEGANCEWASSOMETIMESWANTINGBUTTILLTHISVERYDAYSHEHADNEVERFORANINSTANTSUSPECTEDITTOMEANANYTHINGBUTGRATEFULRESPECTTOHERASHARRIETSFRIENDSTOP
msg_69,LSI,EGRCETLMQIWDXSOSVWANOSFYGKGSYLUSHVGGUHDKLPLVWCVXQZBUKVCRQHXRGAPYKMPODVTQFAWDAIUGVMZFFHYQZKTKWIGHEEUEYMAUQXZKAYGLZEDXMNTRGKBBQJWRWFVHUONNWOPGQENCSXXWWHGIKUBGPDWNTWVEDVXCOHPFVXLSGRVRABTHUQTRRADOUJXKQQHEDPFBNYPEJIQZKJTRKWYOTJCXOJLLAOBJJUDKBYMBQWVJOZUWGCLJNSDERBJTGMANKXKSKQQPXNMZSHCDGUJGUKGALEIINGNDTBZQLMNQBYTHMNEZQNITFPXFDWREQA,BUTTHATHESHOULDTALKOFENCOURAGEMENTSHOULDCONSIDERHERASAWAREOFHISVIEWSACCEPTINGHISATTENTIONSMEANINGINSHORTTOMARRYHIMSHOULDSUPPOSEHIMSELFHEREQUALINCONNEXIONORMINDLOOKDOWNUPONHERFRIENDSOWELLUNDERSTANDINGTHEGRADATIONSOFRANKBELOWHIMANDBESOBLINDTOWHATROSEABOVEASTOFANCYHIMSELFSHEWINGNOPRESUMPTIONINADDRESSINGHERITWASMOSTPROVOKINGSTOP
msg_70,LSK,XWHVIWVXPIWWXSPVURCURPXVXDECJDOWVJTCVEIZAIYXHKKJVHDDDQOMWDAMIPVJMTXCGFHLUCEIHNGVRCBTBZXYTCKMMNRLNBMIMUVFNFAKBZMQVNRONTQMOGGVVMDXXDWNOGOPMWPLSBKXHUWDAEJHYFVXUBWEUHATYAJZSVLKCSGJCZJWUZKFHBGNNRCPAUXPUAJONZGLCTVOLKZMCXHJWTTHSVLDGIRYNWYQBIXKKQRUOMXGVIRRZDYVQPXSDAIHZNGUMIFVYUXZYUNOKZKPHSTWNLFYJNOHDZYCVXDYHLDABEBOJCZFNMCLDPMIFTVGNXQURCSSGIYPHAJNXYNRIQEQCVFGFDWMPKLFJKFUQIZDVGDTSRLMGXVWVCIPQHSFONGILXEJXSBMZRTDYQCQOEALVGCZLAFPRXYKOQMYGZMZXRROPNLWAJLLIMFZDVGLACLTBKIZBNIWBJUGMUEKETFNLWWCTZENLVILZVWSVAGFXFKNEMEOAGTGDLMBURVMIBQHWXDJHBFVWZBJYCRTGTRZBZGKWXMTJIRVYVVLJQPQQVPRGOFBEUCNFBWVHADJWGFBOUZXRIMMKHEDKYIJVMKXHPYWWHARUTOEOSPUKEOLWDTKZSLWDODFEJTHKTLUMMJIGNIIESXUHHONIRRJYCAPNYOABYHBASTRDOZQDRJTEELKCTREDDWQUHPFVKLJLZITOQQVKVYQDUGHPAICPAJKVNSICCMWZTRYQCKKCCBAFUQFCLZTJFXSVZFGWSWDKRZWTYYYENAWJVKBAQPUCOPPIYBCSZDRNRZNULEYEXTDQGCUSUCYLYLDMUNTCTXOMWUVTOWNYGNBJYBWTCPXLCYMGJRFLIPISAOSKPGIAZUYWAVWAWBFYQFALGC,THELANDEDPROPERTYOFHARTFIELDCERTAINLYWASINCONSIDERABLEBEINGBUTASORTOFNOTCHINTHEDONWELLABBEYESTATETOWHICHALLTHERESTOFHIGHBURYBELONGEDBUTTHEIRFORTUNEFROMOTHERSOURCESWASSUCHASTOMAKETHEMSCARCELYSECONDARYTODONWELLABBEYITSELFINEVERYOTHERKINDOFCONSEQUENCEANDTHEWOODHOUSESHADLONGHELDAHIGHPLACEINTHECONSIDERATIONOFTHENEIGHBOURHOODWHICHMRSTOPELTONHADFIRSTENTEREDNOTTWOYEARSAGOTOMAKEHISWAYASHECOULDWITHOUTANYALLIANCESBUTINTRADEORANYTHINGTORECOMMENDHIMTONOTICEBUTHISSITUATIONANDHISCIVILITYSTOPBUTHEHADFANCIEDHERINLOVEWITHHIMTHATEVIDENTLYMUSTHAVEBEENHISDEPENDENCEANDAFTERRAVINGALITTLEABOUTTHESEEMINGINCONGRUITYOFGENTLEMANNERSANDACONCEITEDHEADEMMAWASOBLIGEDINCOMMONHONESTYTOSTOPANDADMITTHATHEROWNBEHAVIOURTOHIMHADBEENSOCOMPLAISANTANDOBLIGINGSOFULLOFCOURTESYANDATTENTIONASSUPPOSINGHERREALMOTIVEUNPERCEIVEDMIGHTWARRANTAMANOFORDINARYOBSERVATIONANDDELICACYLIKEMRSTOPELTONINFANCYINGHIMSELFAVERYDECIDEDFAVOURITESTOP
msg_71,LSM,ZMBPGESQYZYPTNHQRIRQXBQFHTJDNBRLRYVGLHGVIMWNPPBTAYDCCKZWFUGPJTNQZGZLYPKSLDIOTROMFKYVEEIUMFUUYOBJUPNPWCPVKMXTXUWZFVRMZCNNCNMYXUHWIBWTVCRIKPUKZCVITDIWAIDTCAPNLZNCDRMZHKYDYBORXAIGNZVKKRDFZPKQSEIKSIQKFCYZKYAOXXOEWIWCDAMTBXYHVROVTQVJJJZWLZLYBQBJRMTIBMAOCGGZGQYGTZHNGONOPOGZCQNEQCIXKAPDSEUUGBEUKDXEBBLMOYYOWPDWNONVYUEHZQNACHIFAUYPGJGJUFDCFIGOZFIGUCQJREMINXNNLWFBQCRCMFQTGBPMZOLBPITYSEDIZPT,THEDISTRESSINGEXPLANATIONSHEHADTOMAKETOHARRIETANDALLTHATPOORHARRIETWOULDBESUFFERINGWITHTHEAWKWARDNESSOFFUTUREMEETINGSTHEDIFFICULTIESOFCONTINUINGORDISCONTINUINGTHEACQUAINTANCEOFSUBDUINGFEELINGSCONCEALINGRESENTMENTANDAVOIDINGECLATWEREENOUGHTOOCCUPYHERINMOSTUNMIRTHFULREFLECTIONSSOMETIMELONGERANDSHEWENTTOBEDATLASTWITHNOTHINGSETTLEDBUTTHECONVICTIONOFHERHAVINGBLUNDEREDMOSTDREADFULLYSTOP
msg_72,LSO,CEXVMIHIJEPDQGGBSUSGEIXEYSFMZIDULVACDGGUHDKHPOMLMVPMKSJTCGHBCAGGSXFVHYSXJSWDHSEGKEIVTYJQMVPGLADWXOVSTSDOQHGNRDZEVBGVKAVJZUPOFNRMVQHWQUCINXRWOVSBCGHPXQUWMMMQVXFZEZQAWYFDYCSRGSDTLRDXNGHMRRLJDGLPLMHQVANWJDXCPZZAJGXQXQNVWUSBLLLUANMVWYDHBQWNYNXVEUWZSVVIHJQRGTIJERFMTLXORHPSLULPOAWGUBSGORHKOGPUIGUSEKIXQUJEIJDOWMHHUEVCALMXLGOOLOTKIWICHDIXRTBCVATXLJQCEJWIVRARDCYYDZRLYT,ITWASAGREATCONSOLATIONTHATMRSTOPELTONSHOULDNOTBEREALLYINLOVEWITHHERORSOPARTICULARLYAMIABLEASTOMAKEITSHOCKINGTODISAPPOINTHIMTHATHARRIETSNATURESHOULDNOTBEOFTHATSUPERIORSORTINWHICHTHEFEELINGSAREMOSTACUTEANDRETENTIVEANDTHATTHERECOULDBENONECESSITYFORANYBODYSKNOWINGWHATHADPASSEDEXCEPTTHETHREEPRINCIPALSANDESPECIALLYFORHERFATHERSBEINGGIVENAMOMENTSUNEASINESSABOUTITSTOP
msg_73,LSQ,YJCTLPKQZMNYGFKPTLUSHVTROPLLFFSMLPAGEWERCTDAUMAAMPXUQHWCZOJWDMUPXBJQNOLWOOUIYGHAWVFGZTHFOYDXIQAREWOOTVVBRSZIYMZXMYQIMRUEQSPXXALYDLGOPWRPFZDQREWTXOZBQEYDSJYVOHURYZMWBUSFAZLUHDJFFHMRSKOZCJNUMDLCMXJCFMSAKXODQGGRUCFTQLDRNTRXPRJARBYXFZGOLCTREGKLHMWKJZGUDWKOARULHJGPBCCXCUOTZVRQZRCLPZYVAQLFVPZLWZTKPYJHNYMLNFQEWPC,THESEDAYSOFCONFINEMENTWOULDHAVEBEENBUTFORHERPRIVATEPERPLEXITIESREMARKABLYCOMFORTABLEASSUCHSECLUSIONEXACTLYSUITEDHERBROTHERWHOSEFEELINGSMUSTALWAYSBEOFGREATIMPORTANCETOHISCOMPANIONSANDHEHADBESIDESSOTHOROUGHLYCLEAREDOFFHISILLHUMOURATRANDALLSTHATHISAMIABLENESSNEVERFAILEDHIMDURINGTHERESTOFHISSTAYATHARTFIELDSTOP
msg_74,LSS,SPYONSNUHKMHJQQGTPDFSELFHMANERCHLXOHDPAXDLYRRNHECNBWQFZPCQGMMNACUSOGCXIYDIFKYTPBDTXQBSEMINWNNAWNORRFCJPVOYUUGLXFYIMQOOWXIHRBQFGGQCWNYXPRWQXLEYAKVXDWVICEUWXBSHXQLGKSONYCMWUGPYSQNYMNDBAJKJJYTRITVSMOMEWFNYGACMQWBJHPSCPLIBZSKBKHMREWPLZXWVRYPUZLQOYAZJWQMJTVIJBWVJGCNNKKEACIXFAGGTSIGIDAPIHHBMJQTNJYIFWDDOFTKEQBCCZNYNTUWQNVFOSMKUAHPWSYGBYGFCCKCGBVZBMSJXDKLKUTJJGAHAWSQZZXIFJWLOTJGJEJOCLUXOGC,THEWEATHERSOONIMPROVEDENOUGHFORTHOSETOMOVEWHOMUSTMOVEANDMRSTOPWOODHOUSEHAVINGASUSUALTRIEDTOPERSUADEHISDAUGHTERTOSTAYBEHINDWITHALLHERCHILDRENWASOBLIGEDTOSEETHEWHOLEPARTYSETOFFANDRETURNTOHISLAMENTATIONSOVERTHEDESTINYOFPOORISABELLAWHICHPOORISABELLAPASSINGHERLIFEWITHTHOSESHEDOATEDONFULLOFTHEIRMERITSBLINDTOTHEIRFAULTSANDALWAYSINNOCENTLYBUSYMIGHTHAVEBEENAMODELOFRIGHTFEMININEHAPPINESSSTOP
msg_75,LSU,LNARBJGWKIDJZMBFHQHBJVXWRUGUNVNJTNGBXXWFZIOLGHZELQZXYRWHFXSLMCRMCXHIHAGRLUPLBADCINKQZOUYNNFZGPKQCSHDPJGICMJEKVPLXLMPERQEDYSKNDVZQRXLXHQKXKFCIPQFGWJYEVQOYBQBYPMTXKKOBPVFLQKOWERXQGPWUQAAEHNZVXXJDCZLDARHNDXCAXLEDWWAUPOQGVEAORWTQDJATQJBONXJGGFQVGALLWKNNAYNJYGMKHSOAQUEPIEMYILDTUOHMUYPGJSRMXUOABXTBOTUIRIGWOKNTAOWQYQOOLHCVARYXTDMZQFGNKEQCVFPDOUBQEIOXEHFEDUBCZVKJWLQYHQDFFYTXOXCMNBWACSMKDKLPALOBRIAQWNHNJBNFLYCAWDNFMMBSJNMEQJFTRUWMDBWMUKWOBRAEUBSCPWZHAAWCNLUCPZHUWWLMCASTAIWQCPGRWKWHWBJURVZJAXCXIFNHIMGYIPPPJFGLPECOGXCOESOOPELDSGWDRUGIHBRHDWAAPKJ,THEEVENINGOFTHEVERYDAYONWHICHTHEYWENTBROUGHTANOTEFROMMRSTOPELTONTOMRSTOPWOODHOUSEALONGCIVILCEREMONIOUSNOTETOSAYWITHMRSTOPELTONSBESTCOMPLIMENTSTHATHEWASPROPOSINGTOLEAVEHIGHBURYTHEFOLLOWINGMORNINGINHISWAYTOBATHWHEREINCOMPLIANCEWITHTHEPRESSINGENTREATIESOFSOMEFRIENDSHEHADENGAGEDTOSPENDAFEWWEEKSANDVERYMUCHREGRETTEDTHEIMPOSSIBILITYHEWASUNDERFROMVARIOUSCIRCUMSTANCESOFWEATHERANDBUSINESSOFTAKINGAPERSONALLEAVEOFMRSTOPWOODHOUSEOFWHOSEFRIENDLYCIVILITIESHESHOULDEVERRETAINAGRATEFULSENSEANDHADMRSTOPWOODHOUSEANYCOMMANDSSHOULDBEHAPPYTOATTENDTOTHEMSTOP
msg_76,LSW,VGHLADMZSHVLJSCDPNNXIQVZVTEWAVZDSCTBBAUYWAHPFLKOSEJBAPBMEPFSXTQTVOQJSAFMVFZZLJMXMBRPWMUFMYRIDHHUHSFTAXFWPOCOBDKLWSWZKZPJQEPYLKMRKKUPXXIMBZDBKDTKUTDYJQMXVWMXJGPRHFXYYESFFZDOYHGFEXGNFFKDGFKFKWTSMMSGZWVDMWNUPOFPPUEEKYPELJKXRTUAXEDAMTNNSZDFXLSDBXOAMRNSDZUAVWGKONDXVINBMZBQIGZVHRTKFPPKMPZRQTKDFTFHFRXSSUBZTIHOYKCSWMXRGOMPVTWCQXMYHFGWLDUJMTVMVMVAUCBNNLNYFRANQSLVAPJRIZARRXFEKUWRW,SHEWENTTOMRSSTOPGODDARDSACCORDINGLYTHEVERYNEXTDAYTOUNDERGOTHENECESSARYPENANCEOFCOMMUNICATIONANDASEVEREONEITWASSTOPSHEHADTODESTROYALLTHEHOPESWHICHSHEHADBEENSOINDUSTRIOUSLYFEEDINGTOAPPEARINTHEUNGRACIOUSCHARACTEROFTHEONEPREFERREDANDACKNOWLEDGEHERSELFGROSSLYMISTAKENANDMISJUDGINGINALLHERIDEASONONESUBJECTALLHEROBSERVATIONSALLHERCONVICTIONSALLHERPROPHECIESFORTHELASTSIXWEEKSSTOP
msg_77,LSY,XHLEBMIUBRAVJNXFOMXCHQMZSPYBRJKLSIVWGRYXVHGIWKEPKVJNVETSEQVQAGCGIPMJKQKSHYIMWIPUNHXGKNIOMPLTZYVLVRZTKHINRGBJKCQXMNCPNUJCMCEVAXUNCZPUXSRAYQZOGOGNNRMFZKDYCCWVBYQDWWPRWBAJRTIAPSUOBFVWJPCWKHDWFLXLGCRSKZNZGQBZHBPQHEOXOVYTJCONANGZWPGRCYFMTVHCWLDBBGBZBOCYJLLGVXGJAUDQESWAXVHCCIPZZCPUKFKMBQPEZLTHCVUNKCQHFRTQPXDFJIYOXMTQDLDJSXMUAWQCWWMIHCPPPJAQMQXIH,HERTEARSFELLABUNDANTLYBUTHERGRIEFWASSOTRULYARTLESSTHATNODIGNITYCOULDHAVEMADEITMORERESPECTABLEINEMMASEYESANDSHELISTENEDTOHERANDTRIEDTOCONSOLEHERWITHALLHERHEARTANDUNDERSTANDINGREALLYFORTHETIMECONVINCEDTHATHARRIETWASTHESUPERIORCREATUREOFTHETWOANDTHATTORESEMBLEHERWOULDBEMOREFORHEROWNWELFAREANDHAPPINESSTHANALLTHATGENIUSORINTELLIGENCECOULDDOSTOP
msg_78,LTA,WEVUQZRVPAAIDVELSMGZJVFHRTSFFJHYZYWRYMNTNFQPHVVQLAXIKTNOZFFNSRWRAQAYLQBLJDVVVUVILBJVWZYJCZLEOADUCDCEFLIKWJKYNHHEKCFKXUGLYQROSWMDSAYGRBGHGAEJTMSCRLXOHRRQEPCPIHZDZOWEGGVMJSHDMOZSSFEZJXFSHXDTRNZZRQBDMDINXVXOPIIMHSAIDTRWUJYUOAGVBXKYCUTOMVBLZJIIXQUFQATPOTRGQEQPWEZDORQVRSUMRVPBPPFNTDHASKPRCKXSAIZHHKEUCZQSQTPFGHIPDAYDSEKLJGKXMVADNFAWZRMKMVTGXCLODVGKUWBNBDSTWYRGVAMLMMZKCEABPYBAWSGCSWDOBGIPYFWBDIHQITWNTEAARQPMQOWLJQSSSUABFMSZKGTFYFMUXEPSEKVIQWTMXWCYDBTDJPYUFYGKA,TIMESHEKNEWMUSTBEALLOWEDFORTHISBEINGTHOROUGHLYDONEANDSHECOULDSUPPOSEHERSELFBUTANINDIFFERENTJUDGEOFSUCHMATTERSINGENERALANDVERYINADEQUATETOSYMPATHISEINANATTACHMENTTOMRSTOPELTONINPARTICULARBUTITSEEMEDTOHERREASONABLETHATATHARRIETSAGEANDWITHTHEENTIREEXTINCTIONOFALLHOPESUCHAPROGRESSMIGHTBEMADETOWARDSASTATEOFCOMPOSUREBYTHETIMEOFMRSTOPELTONSRETURNASTOALLOWTHEMALLTOMEETAGAININTHECOMMONROUTINEOFACQUAINTANCEWITHOUTANYDANGEROFBETRAYINGSENTIMENTSORINCREASINGTHEMSTOP
msg_79,LTC,DWAQSPZJLVWFPTNZAUTUDDCHRYPGPEPBBHHFEALTKQZQYZMXNFGZPUPKWMMILPOFVEJNHZCKTJNUCAOFLQUANGCGCCJHFLTMFHJAZSWSUVNPFVZXEMERATIUVKTPFKLDBNMDRFSWMOYJGJDZWDYIMKOQIRIIVJXVCKEBWUHOLGCUFLLUVMOSFLMOWLYEDBLZJTJJVUNFJJVYIAZKZBPZJZXIKYCCFFALHKXADORGLWQOXTSQOZVAUZWSIQZYQEFQSEISMAEEZZYCRQGQRLEHGZOESMKSQUOYZNXAMQQTKHYDRHVSUTSVDSTN,HARRIETDIDTHINKHIMALLPERFECTIONANDMAINTAINEDTHENONEXISTENCEOFANYBODYEQUALTOHIMINPERSONORGOODNESSANDDIDINTRUTHPROVEHERSELFMORERESOLUTELYINLOVETHANEMMAHADFORESEENBUTYETITAPPEAREDTOHERSONATURALSOINEVITABLETOSTRIVEAGAINSTANINCLINATIONOFTHATSORTUNREQUITEDTHATSHECOULDNOTCOMPREHENDITSCONTINUINGVERYLONGINEQUALFORCESTOP
msg_80,LTE,BSZEJFZEDNEHCTNSEIBFSEBVMJJYIFHEVYJDVYRERPLFYLZKDOCAUHUMDRZQQHYHFRHRJPLBMHDJNRZYOOSCHIDGWJWCNTRZBOOXZHMUNBBLYILYMEVWSNBFXHHEMJTUSNOEYHISPGLTLETVHZTHGYJLWIQOJIWDZAKZNSAXBMZARMYQYHWUURGWTRNDJRCXHKHTZTZBCIEUHHASKNDBVMVEXIIMLNKFNDAMLAVBCRIYEWYTOOMLABODNRAEBFVERRGKJJMZNPEMCHJPLTEVDGXIFBMMQBANSPESBWVTWSGKTHOFFASTNLVUOEKGCOQFBRBDURPGPUYYIUMJSCSIBFQTUVIMIJMHGLDXNVXMXOZRRZBHWUMANOHRMAXYRPXIJEFYLERPHBXRPIMPHFCXBUECAQNRGDPUSXZFQRLDSJCMMXLHYMSUVBDWAOPEG,SHETHENPROCEEDEDTOSAYAGOODDEALMORETHANSHEFELTOFTHEADVANTAGEOFSUCHANADDITIONTOTHEIRCONFINEDSOCIETYINSURRYTHEPLEASUREOFLOOKINGATSOMEBODYNEWTHEGALADAYTOHIGHBURYENTIREWHICHTHESIGHTOFHIMWOULDHAVEMADEANDENDINGWITHREFLECTIONSONTHECHURCHILLSAGAINFOUNDHERSELFDIRECTLYINVOLVEDINADISAGREEMENTWITHMRSTOPKNIGHTLEYANDTOHERGREATAMUSEMENTPERCEIVEDTHATSHEWASTAKINGTHEOTHERSIDEOFTHEQUESTIONFROMHERREALOPINIONANDMAKINGUSEOFMRSSTOPWESTONSARGUMENTSAGAINSTHERSELFSTOP
msg_81,LTG,DBYPFGGWPOULEIKPTZXCTHXSLLCQXOYMZYUDHYOEUYCZYWIRCSAFJQKHEWIGLJQZYATAXTXDUKHQWBIFQLWTIQISWODQWCWXETUVBLIYSZNEGPEIMMRBLVMNIYOKMPSUKAXAQQSRWGGYLDIDSKTORVLHREIUYIUUNSMHMUSZNPRWTNLWGDZKGNXAKVRHQDBDEFFEBQNYNPKJQCADVELCUXNRZHTJLGLKOCUTOQTYBXFDOLZEKDSWRSMAPXEUGEAXBASJLQFOBIOIABPFZBHYECKORLCVIPUBAGFSXEIYXQPHRWNYBXWEMFVE,SHEHADHADMANYAHINTFROMMRSTOPKNIGHTLEYANDSOMEFROMHEROWNHEARTASTOHERDEFICIENCYBUTNONEWEREEQUALTOCOUNTERACTTHEPERSUASIONOFITSBEINGVERYDISAGREEABLEAWASTEOFTIMETIRESOMEWOMENANDALLTHEHORROROFBEINGINDANGEROFFALLINGINWITHTHESECONDRATEANDTHIRDRATEOFHIGHBURYWHOWERECALLINGONTHEMFOREVERANDTHEREFORESHESELDOMWENTNEARTHEMSTOP
msg_82,LTI,PILOHBECOYFDXCVYFRIINRJKZTZRKCMVBMZWISMKXWFNLAFPWXYGDDCGUTNPAMOPHROXTXADTCNRNEMADIQHBPMRHMBWJRIHQEDWEDLNFUDVORMIYMLPJBYNSPVKDCYHTBMYWYFKVSGSAUKYVOKPWTZJPAXXSJISYINNMYTHIUDKKRNEUQRTDJXMPZLBXRYUYJNBYZNSYAZRDJDMKXWGWTQSVAGLIJTHSATUHIDBFXEIWDTJYHKDYEDJOZNDFOUULEVMJWAXEWHREWLOIEGHLXROXMLRHRBLSSACYIBKGGQTJIJQGNOBWMSTTNZJUKZMTHCMQBGXWPBBRFELQCGCPNJJCZVKFDQLZLNVZZKCACHXCHASUSESMVDUCZGPDNANILSCKZRJLTEMHBZWFXDQISXXTBHJALUQPFXIHBAOWEKXDKNISNYMDBISWIHUFZIFWQPRQYKNFMKYAIPGVJRULHMUIGGZZZQLEGLKTARJPYLQAGPFBPILHDHWEUGIILRZJEVLWSFXZBSTMYDYYHRKVTWAXKPCHRQIYOTRPPJCASFDUDBJDAGYNYNQYORHZHQJKNKTROBMADHSZSDRFUYQSYIBONYLCHYCYQWQCSODBHORPHSQOJCQJFSFJSXDMKJVLQKAQMVWUVJDWKWOPZYSPPIDTKBBLGLXPRCQPJZSTIRBPKTPICAZWKPTSYJGUKLXBUQXNZAUUXUYMVZIUZCVIKFE,MRSSTOPANDMISSBATESOCCUPIEDTHEDRAWINGROOMFLOORANDTHEREINTHEVERYMODERATESIZEDAPARTMENTWHICHWASEVERYTHINGTOTHEMTHEVISITORSWEREMOSTCORDIALLYANDEVENGRATEFULLYWELCOMEDTHEQUIETNEATOLDLADYWHOWITHHERKNITTINGWASSEATEDINTHEWARMESTCORNERWANTINGEVENTOGIVEUPHERPLACETOMISSWOODHOUSEANDHERMOREACTIVETALKINGDAUGHTERALMOSTREADYTOOVERPOWERTHEMWITHCAREANDKINDNESSTHANKSFORTHEIRVISITSOLICITUDEFORTHEIRSHOESANXIOUSINQUIRIESAFTERMRSTOPWOODHOUSESHEALTHCHEERFULCOMMUNICATIONSABOUTHERMOTHERSANDSWEETCAKEFROMTHEBEAUFETMRSSTOPCOLEHADJUSTBEENTHEREJUSTCALLEDINFORTENMINUTESANDHADBEENSOGOODASTOSITANHOURWITHTHEMANDSHEHADTAKENAPIECEOFCAKEANDBEENSOKINDASTOSAYSHELIKEDITVERYMUCHANDTHEREFORESHEHOPEDMISSWOODHOUSEANDMISSSMITHWOULDDOTHEMTHEFAVOURTOEATAPIECETOOSTOP
msg_83,LTK,LWKWZJQBMNMJVHJRTHGZWLKLBKGJKDTMICADYFUHNWICRURSRAYQLSRJJJEPKIKPCHZZUSPBWZCFWUJYKBAJVITTJIUMGPKVZKXMUOHHPTDVMIGGLYIOJGJXDQWVBCBGTWEMAHYGOXRXCNYURHPCQJMNBVENRNFIOQEYBVNSLBRMGGKNJOYWOVYJMIDNKKWXLDCCKIYAMLOUTIDZUCJLROVUVORPEXFZHGHEDWUJIBFXEKJUUBCIJNKVNSAWLLGJJACMRFAUZTQNWQUMVQPUHSKHFTJZHDFVAYZKVMVBNENYMKCBIMOPYXWTWBKHWHVYAMLIAWFIHWCMKUJNZUNMYGTG,EMMAKNEWWHATWASCOMINGTHEYMUSTHAVETHELETTEROVERAGAINANDSETTLEHOWLONGHEHADBEENGONEANDHOWMUCHHEWASENGAGEDINCOMPANYANDWHATAFAVOURITEHEWASWHEREVERHEWENTANDHOWFULLTHEMASTEROFTHECEREMONIESBALLHADBEENANDSHEWENTTHROUGHITVERYWELLWITHALLTHEINTERESTANDALLTHECOMMENDATIONTHATCOULDBEREQUISITEANDALWAYSPUTTINGFORWARDTOPREVENTHARRIETSBEINGOBLIGEDTOSAYAWORDSTOP
msg_84,LTM,ODFYDMEUZLAAGJESZQNSTVZKNLZOQJQPKDGZCOOGUSKHUTFGTDOIPLLZTLMKNCOWRIPOJXMWGKCXTWVTMCYWDGGKDWEZIRNLRLKARYSIDVVTDAMINPKJDQBMXSGPAUKAFGKBMFEUVGMXAKMOBYFDHJKAEUFAENGTVVEGLVZMBSDLBWGGKJNXHAGJALWXHKPMWUFUSGYLSNLHHIHOATNDFFUOHFFFBIFWMNDMVOLZPGIOILKKXEDGUYMFYWLWUPPNRXPFRYALCJVZBQNSSSHKPKPMCWIWGCKIZUXRSKTQVBNDOYZYXHRHKRAKWBWNUQNQWYPGPMPVPCWSHPKSMVXVXTDMWVJGKKIBNQARMKYUEGJFLAOTHLJQNEVBSRIVXUZDUATSSECIIREFNUZQD,IWASREADINGITTOMRSSTOPCOLEANDSINCESHEWENTAWAYIWASREADINGITAGAINTOMYMOTHERFORITISSUCHAPLEASURETOHERALETTERFROMJANETHATSHECANNEVERHEARITOFTENENOUGHSOIKNEWITCOULDNOTBEFAROFFANDHEREITISONLYJUSTUNDERMYHUSWIFEANDSINCEYOUARESOKINDASTOWISHTOHEARWHATSHESAYSBUTFIRSTOFALLIREALLYMUSTINJUSTICETOJANEAPOLOGISEFORHERWRITINGSOSHORTALETTERONLYTWOPAGESYOUSEEHARDLYTWOANDINGENERALSHEFILLSTHEWHOLEPAPERANDCROSSESHALFSTOP
msg_85,LTO,LVTQDWKVBZJOXHGTNSEIVYIZMCIZNBRKCUQIWVFLDFDKLOWPQQEJCRKCUMPXANMVGRPRSRAYUIWIMSBFZYUIBUTNIJXOJCNIXFHQKNCFFDTRIUZGDCOGLWUJCUQWGKINYMMQIOIXGBHXLIIGLSRWGQPRYWRNSOKALJBPCRDGURXPZXKWRSAWZZHVUYHSFBGSBEFZZYGKLUMJCJTQOEHNHBQWLXBQBMLKDIYNHSMFKYHNHFBHKPCDCJVMHPZAIOZFYECQSBWJIJNGVJIAPMLGTVSHBOOMYHRYCTOPRSBDAJKUANCBZHQQORFVDMXZEIWOILMPMYFSFGMVTPMBQNQWYPJEIKXFVTBUYRBUXSURVLZUWCXKBGVTTJMOHQDCMMELNMLLIYIGFASVZBAFSGWGLTWWVLSXWTGBLUFHQYUABPOWJHEBHZIMJPJWUENZGSVZVERJZBYKVGWWHREAIPGUINDWFBNSVHZIKLRUIGWBXNVTVKQLXKBVUOLKQMVSZLOLZG,THEYHADNOTINTENDEDTOGOOVERTILLTHESUMMERBUTSHEISSOIMPATIENTTOSEETHEMAGAINFORTILLSHEMARRIEDLASTOCTOBERSHEWASNEVERAWAYFROMTHEMSOMUCHASAWEEKWHICHMUSTMAKEITVERYSTRANGETOBEINDIFFERENTKINGDOMSIWASGOINGTOSAYBUTHOWEVERDIFFERENTCOUNTRIESANDSOSHEWROTEAVERYURGENTLETTERTOHERMOTHERORHERFATHERIDECLAREIDONOTKNOWWHICHITWASBUTWESHALLSEEPRESENTLYINJANESLETTERWROTEINMRSTOPDIXONSNAMEASWELLASHEROWNTOPRESSTHEIRCOMINGOVERDIRECTLYANDTHEYWOULDGIVETHEMTHEMEETINGINDUBLINANDTAKETHEMBACKTOTHEIRCOUNTRYSEATBALYCRAIGABEAUTIFULPLACEIFANCYSTOP
msg_86,LTQ,AQTTZIICAWCUUYJSMJMYBDTRGGLUBGPYIZGVHVTPYWHAWKQLORRGGJCKYJBQJPDJUSGCVAQANCMWPUAWNXHSOWMQYRRTLEQKKMIBRUCWCYAPWFGPIMMHLVJQHHQLLWBRYDJDIUTGOQTJBNDGBVKXREFJKKDLQOGWKPMCFEPGCCUYAVDUSBEDPZYZWJCWXGZYFNTJAMHXKCOMDIVZUKTSMDWKHXUXZGLDTZOAYNLQTHFVPWVAATIQIQKCRCFFLVOAEASWIONBAZOSOPSGZAOAXBZYCWGJIWMUUMDYHOYQZVPNPBYENSSOQUFRIIBXUFRHYELRPEVXOWDZJGKQRARXTQGSSQABENHDGRGVOPNEMZCFQMVBZOTUILWZMWMNIRZGWQHSCGKUPJQQVWOGZVECKSYXKDAXIJODBIXUKFEOQVUPMENFVRTOGTBWUKCDMUQEFTVBYMZJQEBUNVXFBTBQPRXSYBWLWTBSCCZPLPNYVPOHFGJOCQJFJBNMPNRVYQTCQCRMHIIGCICAXVPKXWJQRYPB,JANEHASHEARDAGREATDEALOFITSBEAUTYFROMMRSTOPDIXONIMEANIDONOTKNOWTHATSHEEVERHEARDABOUTITFROMANYBODYELSEBUTITWASVERYNATURALYOUKNOWTHATHESHOULDLIKETOSPEAKOFHISOWNPLACEWHILEHEWASPAYINGHISADDRESSESANDASJANEUSEDTOBEVERYOFTENWALKINGOUTWITHTHEMFORCOLONELANDMRSSTOPCAMPBELLWEREVERYPARTICULARABOUTTHEIRDAUGHTERSNOTWALKINGOUTOFTENWITHONLYMRSTOPDIXONFORWHICHIDONOTATALLBLAMETHEMOFCOURSESHEHEARDEVERYTHINGHEMIGHTBETELLINGMISSCAMPBELLABOUTHISOWNHOMEINIRELANDANDITHINKSHEWROTEUSWORDTHATHEHADSHEWNTHEMSOMEDRAWINGSOFTHEPLACEVIEWSTHATHEHADTAKENHIMSELFSTOP
msg_87,LTS,UKMDOCOOTAKUXBANIBNUZAHCYICLULZKKCTHKJDFCIVRTBTNOLDPUNGKOQPFGUQXSDEEOQHPRQJAIFNATBRDOWPIKMYSPULZIVLVIOXPVFHWFOWIIHNTQRHVBBOZNKEPLMCSPPKIOYGQJJGRURKAIZKHAYOKGRDSIYZUATLCYKVHOFLVRMLQMEYENCZOSHOLLSRTPQMZEKCTRBHIQOKKKXSMJGJTDIMTDQSLHINPRVDPULVGCHRVMYDDWZYSCCNXWQIISCIMWDTPDUWGDWKLZSPACQULZUADCBSBCHRBDSPCBSIGUIKPGFEAVVVMCRCIOGPBETWFFDJWXHVCPJZBCVJFEOQFWRHSUNWHIFECPCBBTAVKXBMCAUASLKFWFQLTDIAWRQJZLEWESWNVIBVBGLPIIBZSIBHJA,BYBIRTHSHEBELONGEDTOHIGHBURYANDWHENATTHREEYEARSOLDONLOSINGHERMOTHERSHEBECAMETHEPROPERTYTHECHARGETHECONSOLATIONTHEFONDLINGOFHERGRANDMOTHERANDAUNTTHEREHADSEEMEDEVERYPROBABILITYOFHERBEINGPERMANENTLYFIXEDTHEREOFHERBEINGTAUGHTONLYWHATVERYLIMITEDMEANSCOULDCOMMANDANDGROWINGUPWITHNOADVANTAGESOFCONNEXIONORIMPROVEMENTTOBEENGRAFTEDONWHATNATUREHADGIVENHERINAPLEASINGPERSONGOODUNDERSTANDINGANDWARMHEARTEDWELLMEANINGRELATIONSSTOP
msg_88,LTU,TAFCCGFBMFCTKLFPJUFVCLBVBSOGMKZWIYEPNCZLYAMSZNWCKRXFLSDMEBLVRHOUJREIWLIZZTTMQCNDSQAKRJEZPAQLAQEAELDQSGNZMDLTFTDLHBEYHBGBYSTXUMJXTCSZBTTDYGHRMWQLWEOOXTRDXZOMXQKPKHKNJKXKKRZYWCYGEUVMDNOEFBHDPZJFFELWPBHZQSPQJUBPBYMEUFFQHDRWUCZRYDITTXYWTYDCDXASGWGNPOIESQSTPSMBJUIEPIJGEHTTTHIDYMEEOKRXPXWNZINXUYFMKWOKHBFFZ,HEWASAMARRIEDMANWITHONLYONELIVINGCHILDAGIRLABOUTJANESAGEANDJANEBECAMETHEIRGUESTPAYINGTHEMLONGVISITSANDGROWINGAFAVOURITEWITHALLANDBEFORESHEWASNINEYEARSOLDHISDAUGHTERSGREATFONDNESSFORHERANDHISOWNWISHOFBEINGAREALFRIENDUNITEDTOPRODUCEANOFFERFROMCOLONELCAMPBELLOFUNDERTAKINGTHEWHOLECHARGEOFHEREDUCATIONSTOP
msg_89,LTW,EJFXLPOXCGQNSEIVLAGMCGZEPQDRYHKFHFCTNEWSISKPCIAHMFYKOIHIXYEHRNYALVIREICVNBEXKIMHNNSXYSPOOZIVKSTCYVFJFSBWQCDRUTQVDPRNWSFAPURJHNPXFXFYIUWNLPKDCRHXKVVBLSTFMTNQDDRBNDZJULQVSZFUEYUIAQKCZYZNOELWXVFLUACXLWXNTRPSVZWXSPZKPHJAYPMKFDLYEMFUWOMLFJKNQUOZVSZVOGLOBQSDLJZQZFBJDYTIKJCBPNVVYHFORVXDXZVFMBTXYKYUCWCXVSQZHQNIWNOWCHEVODNIOOVRMMIKHJFSVHMHSZZYXUVURFMZVWLPHGLDQZXFAGTWCQSXQQY,THEYCONTINUEDTOGETHERWITHUNABATEDREGARDHOWEVERTILLTHEMARRIAGEOFMISSCAMPBELLWHOBYTHATCHANCETHATLUCKWHICHSOOFTENDEFIESANTICIPATIONINMATRIMONIALAFFAIRSGIVINGATTRACTIONTOWHATISMODERATERATHERTHANTOWHATISSUPERIORENGAGEDTHEAFFECTIONSOFMRSTOPDIXONAYOUNGMANRICHANDAGREEABLEALMOSTASSOONASTHEYWEREACQUAINTEDANDWASELIGIBLYANDHAPPILYSETTLEDWHILEJANEFAIRFAXHADYETHERBREADTOEARNSTOP
msg_90,LTY,XCKDWKVAAUEOHCOAEZFRJLUDGTLXYRKCNBIFTROWHPVCZIUIKMYYLYDACDRZLLBINYUGBPIEICYNIPJPZIBLSJBMJGGLOJYRCHVXIQSEYQYWWZIVWNLAIHKGENFVSPWUCTNVOXNYNHLYMPNVJCIUCDMVKIKISIPYISHKPHNAJEFLJRDNMCLVJQRCNJJHOIAEXPKHTZJOHPNUXXRSSHDWGXWBOMEFFZKZSWOYDXOBPRIHYTRHUKDYJWDBXLMIMZZYTEWGBGUWYNLYWBKAKKIHINPMGXCSDRPEWYAHRBDEGJNMVSQIXPKFEAVSKNRTBJCUMZXHCFVXQIPODMXRDKJGZBFIY,SHEHADNEVERBEENQUITEWELLSINCETHETIMEOFTHEIRDAUGHTERSMARRIAGEANDTILLSHESHOULDHAVECOMPLETELYRECOVEREDHERUSUALSTRENGTHTHEYMUSTFORBIDHERENGAGINGINDUTIESWHICHSOFARFROMBEINGCOMPATIBLEWITHAWEAKENEDFRAMEANDVARYINGSPIRITSSEEMEDUNDERTHEMOSTFAVOURABLECIRCUMSTANCESTOREQUIRESOMETHINGMORETHANHUMANPERFECTIONOFBODYANDMINDTOBEDISCHARGEDWITHTOLERABLECOMFORTSTOP
msg_91,LUA,KKZGVQDBJKDRXILIIFTFUPRAKAYGALCLJYXVIOLQHCOBCJNKLNWFKTRDTFOIPLSQPJJYFCTVTMVKRGBBUDVQDFNVWJKCMLZXCFYDSFSIKQBTMAMVPCAWBZQXJTVMBZTVXQKIUNLSOHIIIJSSUMFLKHAAOHTDLGRLCCZVAYXBKEQUEQWZFXVRDDGCEQUYCWZZCWPMWYXYLCNWKLFDCAEVLUATWTPGYSMCYPFONDEGFPEDTJZGTWGSZNYRKBRAVMSVRKAHBHUYXXZCMQFMWLYSHUYTBYDQVKUMEODGBAADVDUCULRVZALFRLJEJBCDNGORDGWXDTIOADZYVTVUVSPVFTDBMPJEMJWDCNFOSNYRJ,ITWASHEROWNCHOICETOGIVETHETIMEOFTHEIRABSENCETOHIGHBURYTOSPENDPERHAPSHERLASTMONTHSOFPERFECTLIBERTYWITHTHOSEKINDRELATIONSTOWHOMSHEWASSOVERYDEARANDTHECAMPBELLSWHATEVERMIGHTBETHEIRMOTIVEORMOTIVESWHETHERSINGLEORDOUBLEORTREBLEGAVETHEARRANGEMENTTHEIRREADYSANCTIONANDSAIDTHATTHEYDEPENDEDMOREONAFEWMONTHSSPENTINHERNATIVEAIRFORTHERECOVERYOFHERHEALTHTHANONANYTHINGELSESTOP
msg_92,LUC,MMGFDJGCERAKQFQBOUVAGHTJJDKYNFMLSVVMPWXHOSYJONFTFOKCEZMQUURSYKGYXNLXGPWQVXCZMPDTQHACICGRXQVIIEMLDNMWZYXLONEAQYCLPNLHMNCRIZOAULRWHKEDQIQCAFXHBOZAYGZDTSSBJOUSGBIDMJLWDLXJZKDGZOLLRXKURTMFCNNMDYGJRXOQVUYHPKYKWWMVLCFKGBNXXOHCRSWCYCWBGGDITCBKNAZIHCOVLJZOLUDOBLYNJGCMOQJYKFDVNAQGLDQOIWTQRTMPWSZFAYQCDVMPFDBXFDAMKZ,WHYSHEDIDNOTLIKEJANEFAIRFAXMIGHTBEADIFFICULTQUESTIONTOANSWERMRSTOPKNIGHTLEYHADONCETOLDHERITWASBECAUSESHESAWINHERTHEREALLYACCOMPLISHEDYOUNGWOMANWHICHSHEWANTEDTOBETHOUGHTHERSELFANDTHOUGHTHEACCUSATIONHADBEENEAGERLYREFUTEDATTHETIMETHEREWEREMOMENTSOFSELFEXAMINATIONINWHICHHERCONSCIENCECOULDNOTQUITEACQUITHERSTOP
msg_93,LUE,XXXLBCWUFXERPWIDPBWUBJWHTKNBUPNLMGRGQJGZBCYGJDAEOIUPVGDIFVSLPNJKZCWJTDTLSFVOWYZYSTMASMAAMREVQNIQUJMVYJGLNVQSWQHMEPJNLURVHQKVLQMDHXPPQKAZJFJMVXCRKOQQHSZIEPBURXWPXIYOKHLIWDFGXQJHVXBGNRBBHZVOXMPAHJNNRMIIOOYCEAULTQDWGOZXEHXZTBEGKAMZKCHXWILWEBBUVICZWIMZGYKRWWTZMEBXTAPARCOWSVNMLBHPZMIGDSJBJWZWBITFCDFEIMSINWYWZUWSEKSDEWOPVHXCXGXKSSUCLIHATGOCNMZ,BUTSHECOULDNEVERGETACQUAINTEDWITHHERSHEDIDNOTKNOWHOWITWASBUTTHEREWASSUCHCOLDNESSANDRESERVESUCHAPPARENTINDIFFERENCEWHETHERSHEPLEASEDORNOTANDTHENHERAUNTWASSUCHANETERNALTALKERANDSHEWASMADESUCHAFUSSWITHBYEVERYBODYANDITHADBEENALWAYSIMAGINEDTHATTHEYWERETOBESOINTIMATEBECAUSETHEIRAGESWERETHESAMEEVERYBODYHADSUPPOSEDTHEYMUSTBESOFONDOFEACHOTHERSTOP
msg_94,LUG,FOPGYESZUDOMBBQYHRLNVPSOSWOLBLNIAHSABNVGJCUTNVFYJSKGYOLPEQOYFYEIUSNPESHAZJEERIBILDRBWXIOKEFJSQQZDGXNXBGCVHDWNOBIUTQLNMHYVJQBVFUDJYFYEBSCKSZWONQVUXUQZLRUAVTNGCWFZTLRXSNYQEQAXXICAOCXPOIGGTKJGXTRMWYUMQAQXPSDCONIYEZIYJQJXWFGNXBQCVIREOEJWNQGENOGINIJYNSWMGVWRDURLLMCERGRGGHRBTCWUUBRXXGHBYTBQPYRMZUWBYRTLSNIMONEULNJQLZWQJSYRAVFSASKGUXDBEG,ITWASADISLIKESOLITTLEJUSTEVERYIMPUTEDFAULTWASSOMAGNIFIEDBYFANCYTHATSHENEVERSAWJANEFAIRFAXTHEFIRSTTIMEAFTERANYCONSIDERABLEABSENCEWITHOUTFEELINGTHATSHEHADINJUREDHERANDNOWWHENTHEDUEVISITWASPAIDONHERARRIVALAFTERATWOYEARSINTERVALSHEWASPARTICULARLYSTRUCKWITHTHEVERYAPPEARANCEANDMANNERSWHICHFORTHOSETWOWHOLEYEARSSHEHADBEENDEPRECIATINGSTOP
msg_95,LUI,EDXOFDJZQXYKHUOAQLYHMXKTKCBISPKTDGAOEYGSJDUGGKYYTSTBETIRLZUMQAOMZQDDBGYRKSONZMISAEWOZWLCRMRBLYRYDCVVJGLTZHGECVDHGRZBPWRBJPCCHNVUTKPABAPCGINPGOAYVUHYKEJSEEDXSPPZEEKEKYATRFLQHZZFLRPKUVRMMVXLXHQNJBNIPFXGMYVJWQXWXEZTAUPPJCGNPLEWUIPWVPTWGTRFBXUFXQURIMXNQZPSLRAZPJKBMBHAFORJUVLBQUPINVXMPVADIIOZNQADUMKLTFENCWGGNKKBWZCNDQAQHBFKGPNONSBAHGDSBANOKOETUNMXFHUAXWNSGRZVPDWNBYEJNVOSUWUSJQ,WHENSHETOOKINHERHISTORYINDEEDHERSITUATIONASWELLASHERBEAUTYWHENSHECONSIDEREDWHATALLTHISELEGANCEWASDESTINEDTOWHATSHEWASGOINGTOSINKFROMHOWSHEWASGOINGTOLIVEITSEEMEDIMPOSSIBLETOFEELANYTHINGBUTCOMPASSIONANDRESPECTESPECIALLYIFTOEVERYWELLKNOWNPARTICULARENTITLINGHERTOINTERESTWEREADDEDTHEHIGHLYPROBABLECIRCUMSTANCEOFANATTACHMENTTOMRSTOPDIXONWHICHSHEHADSONATURALLYSTARTEDTOHERSELFSTOP
msg_96,LUK,FTABSVCRDBGFLUJRHUDGVOLUXBBQGFSCLHMCQIVJOIXIQFKOWRZQWNKNXQZXVKNUTTMDJPXILAOSTYSRWXGWCRTSSVBMBPNRGKDZLUUSNJCBHBWHKPDFZQXTVSXKUGEWHVRKRUILRAQQWFZOUQXLGYUAKXWVAXNMJKBOVEQNXNBEIMGLDPEFRSGDTCTEQGQRCXYNDZWKGVSRYLXDVSHVVWIIYARFVELKCSNMDZVWZUWNLTAXKWMPMKSDJRKAOONTNPSCLATYTNTYONPELVYYFWMJZNLXJSEYUBWSOSKTVIRRUIGQALCHHRNQDA,THEAUNTWASASTIRESOMEASEVERMORETIRESOMEBECAUSEANXIETYFORHERHEALTHWASNOWADDEDTOADMIRATIONOFHERPOWERSANDTHEYHADTOLISTENTOTHEDESCRIPTIONOFEXACTLYHOWLITTLEBREADANDBUTTERSHEATEFORBREAKFASTANDHOWSMALLASLICEOFMUTTONFORDINNERASWELLASTOSEEEXHIBITIONSOFNEWCAPSANDNEWWORKBAGSFORHERMOTHERANDHERSELFANDJANESOFFENCESROSEAGAINSTOP
msg_97,LUM,BXOEPJSDATKRTTNWWKVKAKRKBDUIGMFUWQWBZKZTKAKCHASKVDJRXCSRDJCAMXPPZQHKHACXTGAUXPQTHGUZJKFZPTGVIXPCPMIRURVGDMCACIASGPKHDFMPKGHEHIZGWCHGYSADKJOOUQPKUXOPJMJREWAIEGAOLOBNWNGEQIUZIZQIDBPOPWQFWDKDODJLMCVIUGDUINCABTYHLOFHCHMFDBRRLPZRIKMERPORPUJWJLVTTCKNCPEGACQOZTYBLPNOIQCMQDAHPYSZFVGBHDFRISUULJBCAMWBPSYSLIAHOKKIKKYNYKPJQMDONRWNKQUABUTLHQMDJYZQLJJHBJYECCPJQHFSFLONFTNTFKDNZMIOUBAXOMYWIV,EMMACOULDNOTFORGIVEHERBUTASNEITHERPROVOCATIONNORRESENTMENTWEREDISCERNEDBYMRSTOPKNIGHTLEYWHOHADBEENOFTHEPARTYANDHADSEENONLYPROPERATTENTIONANDPLEASINGBEHAVIOURONEACHSIDEHEWASEXPRESSINGTHENEXTMORNINGBEINGATHARTFIELDAGAINONBUSINESSWITHMRSTOPWOODHOUSEHISAPPROBATIONOFTHEWHOLENOTSOOPENLYASHEMIGHTHAVEDONEHADHERFATHERBEENOUTOFTHEROOMBUTSPEAKINGPLAINENOUGHTOBEVERYINTELLIGIBLETOEMMASTOP
msg_98,LUO,ZTFTDJKCBYZSBFKGUOWEYFXIZUEIICRFYKVCRMVZJCDBVBZJQMWTGJYRETEXWKDPDKZFDPSBEWJDASPTFRGTQJLSHHQUNKANIADYGPTUQVCJZQWQVMJPNCBURTMVEGSHMVNCXZPBGOJKCYFHYOFIUGLFTJSTHDSXQCKPTIOHGVRJFMXEMKUXHXANOYWZACIZNZOQWOIIEWQKMCVAOXFDCCNAXDFCKAPBJJPAFYJQRAVSKRGKPCQKATSTFEQWUEYMYGOWNGYNXFGXLXSWEWEXWPLSGWOGMVKRLYBWQNBESYOOJQLZFRPZMWJIWCYHOYHYAKLRLNPLOQDSYFUNOXIAKGEDCZTFQLFPXRFBFEZKIKKCRWWGHIGMYIFDYITBPITXQAOZXATBRPPSALTJOBCVEHQDDHTNYHIOOPY,ANDIHAVEOFTENWISHEDBUTITISSOLITTLEONECANVENTURETODOSMALLTRIFLINGPRESENTSOFANYTHINGUNCOMMONNOWWEHAVEKILLEDAPORKERANDEMMATHINKSOFSENDINGTHEMALOINORALEGITISVERYSMALLANDDELICATEHARTFIELDPORKISNOTLIKEANYOTHERPORKBUTSTILLITISPORKANDMYDEAREMMAUNLESSONECOULDBESUREOFTHEIRMAKINGITINTOSTEAKSNICELYFRIEDASOURSAREFRIEDWITHOUTTHESMALLESTGREASEANDNOTROASTITFORNOSTOMACHCANBEARROASTPORKITHINKWEHADBETTERSENDTHELEGDONOTYOUTHINKSOMYDEAR
msg_99,LUQ,FIPLBKUWRPFVHXLIUAURZYJBIGCUUDULLGEKTALIBSAFYLCCCRSCFDJMGPSGZEUEIXYHHHAILAMITSFVKMGYKYZIZOGJKOLRFOAIBJXEMPKQAJDTCSUPGABHXNJPUEVSDLJUSEAUGTRQIHNTGDCKBRROAMITMNLKQGQRMVJBBIGLBSYZJEQTBEFIPKWNDRVJWNVZDBRJUACWGGQOIAXRVHERCVOWGVNADGWLAFIJRNURLUJOAGZWXDKNMJWRXRASWEHVGZYDQLWISIAXCNYURZBXCGPZNSZRRKZNYOEEXLSOHONZBFTNBQWSMUKXQCLHMT,YESHEHASBEENGONEJUSTFOURWEEKSASYOUOBSERVEMISSWOODHOUSESAIDMISSBATESFOURWEEKSYESTERDAYSTOPAMISSHAWKINSWELLIHADALWAYSRATHERFANCIEDITWOULDBESOMEYOUNGLADYHEREABOUTSNOTTHATIEVERMRSSTOPCOLEONCEWHISPEREDTOMEBUTIIMMEDIATELYSAIDNOMRSTOPELTONISAMOSTWORTHYYOUNGMANBUTINSHORTIDONOTTHINKIAMPARTICULARLYQUICKATTHOSESORTOFDISCOVERIESSTOP
